Country Name;Indicator Name;1970;1971;1972;1973;1974;1975;1976;1977;1978;1979;1980;1981;1982;1983;1984;1985;1986;1987;1988;1989;1990;1991;1992;1993;1994;1995;1996;1997;1998;1999;2000;2001;2002;2003;2004;2005;2006;2007;2008;2009;2010;2011;2012;2013;2014;2015;2016;2017;2018;2019
Afghanistan;GDP (current US$);1748886596;1831108971;1595555476;1733333264;2155555498;2366666616;2555555567;2953333418;3300000109;3697940410;3641723322;3478787909;3626548751;3412587451;3425125654;3562656487;3562548574;3625124578;3625152478;3625894751;3615254781;3741521458;3754859625;3765482514;3865245178;3896584751;3845178452;3765482594;3749658215;3758964821;3847581258;3985641526;4055179566;4515558808;5226778809;6209137625;6971285595;9747879532;10109225814;12439087077;15856574731;17804292964;20001598506;20561069558;20484885120;19907111419;19362642267;20191760000;19484384937;19101353833
Albania;GDP (current US$);1027458963;1125896210;1274585214;1298560231;1336528945;1398547854;1425896366;1524526385;1594585478;1621478541;1652325478;1698547514;1758963524;1785485625;1857338012;1897050133;2097326250;2080796250;2051236250;2253090000;2028553750;1099559028;652174990,8;1185315468;1880951520;2392764853;3199642580;2258515610;2545967253;3212119044;3480355189;3922099471;4348070165;5611492283;7184681399;8052075642;8896073938;10677321490;12881354104;12044223353;11926928506;12890765324;12319830252;12776217195;13228144008;11386846319;11861200797;13019693451;15147020535;15278077447
Algeria;GDP (current US$);4863487493;5077222367;6761786387;8715105930;13209713643;15557934268;17728347375;20971901273;26364491313;33243422158;42345277342;44348672668;45207088716;48801369800;53698278906;57937868670;63696301893;66742267773;59089067187;55631489802;62045099643;45715367087;48003298223;49946455211;42542571306;41764052458;46941496780;48177862502;48187747529;48640610449;54788732394;54745839539;56760623478;67864849150;85324767230;1,03198E+11;1,17025E+11;1,34977E+11;1,71001E+11;1,37211E+11;1,61208E+11;2,00019E+11;2,0906E+11;2,09755E+11;2,13809E+11;1,65979E+11;1,60034E+11;1,67389E+11;1,73758E+11;1,69988E+11
Angola;GDP (current US$);3302510251;3541247419;3854257851;4025746931;4125745896;4412562587;4512478546;4856896587;5102568954;5214524587;5930503401;5550483036;5550483036;5784341596;6131475065;7553560459;7072063345;8083872012;8769250550;10201099040;11228764963;10603784541;8307810974;5768720422;4438321017;5538749260;7526446606;7648377413;6506229607;6152922943;9129594819;8936063723;15285594828;17812705294;23552052408;36970918699;52381006892;65266452081;88538611205;70307163678;83799496611;1,1179E+11;1,28053E+11;1,3671E+11;1,45712E+11;1,16194E+11;1,01124E+11;1,22124E+11;1,01353E+11;94635415870
Argentina;GDP (current US$);31584210366;33293199095;34733000536;52544000117;72436777342;52438647922;51169499891;56781000101;58082870156;69252328953;76961923742;78676842366;84307486837;1,03979E+11;79092001998;88416668900;1,10934E+11;1,11106E+11;1,26207E+11;76636898036;1,41352E+11;1,8972E+11;2,28789E+11;2,36742E+11;2,5744E+11;2,58032E+11;2,7215E+11;2,92859E+11;2,98948E+11;2,83523E+11;2,84204E+11;2,68697E+11;97724004252;1,27587E+11;1,64658E+11;1,98737E+11;2,32557E+11;2,87531E+11;3,61558E+11;3,32976E+11;4,23627E+11;5,30163E+11;5,45982E+11;5,52025E+11;5,2632E+11;5,94749E+11;5,57531E+11;6,42696E+11;5,19872E+11;4,49663E+11
Armenia;GDP (current US$);954125102;995241525;998564574;1052458745;1140257849;1256482102;1284578548;1332540214;1340257448;1384520124;1452565874;1685485789;1784575856;1854754784;1977548521;1985241254;2003642157;2012541068;2056245874;2152470145;2256838858;2068526522;1272577456;1201313201;1315158670;1468317350;1596968913;1639492424;1893726437;1845482181;1911563665;2118467913;2376335048;2807061009;3576615240;4900469950;6384451606;9206301700;11662040714;8647936748;9260284938;10142111334;10619320049;11121465767;11609512940;10553337673;10546135160;11527458566;12457941907;13672802158
Aruba;GDP (current US$);198568958,9;201245786,2;215639852,2;245125236,8;254528965,3;264578568,8;263568965,2;245854785,2;275486254,3;289635421,5;295847512,5;315245785,2;336589457,5;352515478,7;365685478,1;395846525,2;405463417,1;487602457,7;596423607,1;695304363;764887117,2;872138715,1;958463184,4;1082979721;1245688268;1320474860;1379960894;1531944134;1665100559;1722798883;1873452514;1920111732;1941340782;2021229050;2228491620;2330726257;2424581006;2615083799;2745251397;2498882682;2390502793;2549720670;2534636872;2701675978;2765363128;2919553073;2965921788;3056424581;3125165214;3215254178
Australia;GDP (current US$);41271138985;45149512823;51967289720;63737347854;88831245394;97170558514;1,04921E+11;1,10202E+11;1,18339E+11;1,34712E+11;1,49775E+11;1,76642E+11;1,9377E+11;1,7703E+11;1,93242E+11;1,80235E+11;1,82037E+11;1,8906E+11;2,35659E+11;2,99268E+11;3,10777E+11;3,2531E+11;3,24879E+11;3,11544E+11;3,22212E+11;3,67216E+11;4,00303E+11;4,34568E+11;3,98899E+11;3,88608E+11;4,15223E+11;3,78376E+11;3,94649E+11;4,66488E+11;6,1249E+11;6,93408E+11;7,46054E+11;8,531E+11;1,054E+12;9,27805E+11;1,14614E+12;1,39665E+12;1,54615E+12;1,57618E+12;1,46748E+12;1,35169E+12;1,20885E+12;1,33014E+12;1,4339E+12;1,39268E+12
Austria;GDP (current US$);15373005769;17858485957;22059612417;29515467988;35189299985;40059206763;42959976068;51545759221;62052258694;73937296655;82058912465;71034228097;71275287328;72121016623;67985345162;69386774475;99036165210;1,24168E+11;1,33339E+11;1,33106E+11;1,66463E+11;1,73794E+11;1,95078E+11;1,9038E+11;2,03535E+11;2,41038E+11;2,37251E+11;2,1279E+11;2,1826E+11;2,17186E+11;1,968E+11;1,97338E+11;2,13378E+11;2,61696E+11;3,00904E+11;3,15974E+11;3,35999E+11;3,88691E+11;4,30294E+11;4,00172E+11;3,91893E+11;4,3112E+11;4,09425E+11;4,30069E+11;4,41996E+11;3,81818E+11;3,95228E+11;4,18316E+11;4,55508E+11;4,46315E+11
Azerbaijan;GDP (current US$);2985689584;3365895687;3458547524;3845268958;4025689587;4362568947;4478589685;4952362685;5125475120;5985647854;6253457418;6625847129;6859636525;7052845626;7215284796;7521638954;7748145214;7958562548;8025634785;8154256894;8858006036;8792365811;4991350458;3970953396;3313939554;3052467522;3176703092;3962735257;4446370371;4581246713;5272617196;5707720391;6235856820;7276013032;8680370408;13245716099;20982986344;33050343783;48852482960;44291490421;52902703376;65951627200;69683935845;74164435946;75244294275;53074370486;37867518957;40865558912;47112941176;48047647059
Bahrain;GDP (current US$);1698569562;1715258948;1785485623;19856969254;2152562565;2254857845;2563689854;2754855124;2845152568;2985696585;3072698328;3467819149;3645744681;3735106383;3905585106;3651861702;3052393617;3392021011;3702393617;3863563830;4229787234;4616223404;4751063830;5200265957;5567553457;5849467819;6101861436;6349202394;6183776596;6621010372;9062898936;8976196809;9593510638;11074813830;13150159574;15968723404;18504760638;21730000000;25710904255;22938218085;25713271277;28776595745;30749308511;32539468085;33387712766;31125851064;32250132979;35423643617;37652500000;38574069149
Bangladesh;GDP (current US$);8992721809;8751842840;6288245867;8086725729;12512460520;19448348073;10117113333;9651149302;13281767143;15565480322;18138049096;20249694002;18525399202;17609048822;18920840000;22278423077;21774033333;24298032258;26579005760;28781714764;31598341234;30957483950;31708874594;33166519418;33768660883;37939748769;46438484108;48244309133;49984559471;51270569884;53369787319;53991289844;54724081491;60158929188;65108544250;69442943089;71819083684;79611888213;91631278239;1,02478E+11;1,15279E+11;1,28638E+11;1,33356E+11;1,4999E+11;1,72885E+11;1,95079E+11;2,21415E+11;2,49711E+11;2,74039E+11;3,02571E+11
Barbados;GDP (current US$);198658235,5;215254876,6;258652351,2;289586584,7;311809337,5;402178605;435911268,6;495097667,9;552883707,1;670362452,1;1012280615;1114204743;1163923830;1236016507;1346890071;1409536121;1547755183;1704370308;1812757918;2006165167;2012131457;2020583702;1957000000;2063342117;2151344901;2216974096;2363645403;2498384130;2817083478;2951822205;3059500000;3054500000;3106500000;3209500000;3444500000;3819500000;4217500000;4674000000;4785000000;4465500000;4530000000;4657500000;4610000000;4677000000;4696500000;4715000000;4830000000;4978000000;5086500000;5209000000
Belarus;GDP (current US$);11985628748;12286365268;12978546824;13348596251;13740567149;13986253894;14125403617;14362502185;14525417895;14851479654;15425487596;15525489854;15863265896;16425863895;16589632567;16859634258;17542893652;18352689685;18758696253;19856895862;21650000000;18000000000;17037037037;16280991736;14932024169;13972676841;14756846154;14128408566;15222012660;12138486532;12736856828;12354820144;14594249023;17827791321;23144351852;30207567317;36954312354;45277399814;60763483146;50874078052;57222490769;61757788945;65685102555;75527984234;78813839984;56454734397;47722657821;54726595249;60031262269;63080457023
Belgium;GDP (current US$);26706196127;29821661541;37209417835;47743801490;56033078190;65678188659;71113883177;82839905346;1,01247E+11;1,16315E+11;1,26829E+11;1,0473E+11;92095926629;87184238659;83349529880;86268264488;1,20019E+11;1,49394E+11;1,62299E+11;1,64221E+11;2,05332E+11;2,10511E+11;2,34782E+11;2,24722E+11;2,44884E+11;2,88026E+11;2,79201E+11;2,52708E+11;2,58528E+11;2,58159E+11;2,36205E+11;2,36541E+11;2,57158E+11;3,17382E+11;3,68537E+11;3,85571E+11;4,07918E+11;4,70324E+11;5,15224E+11;4,81346E+11;4,80952E+11;5,22646E+11;4,96181E+11;5,21643E+11;5,34678E+11;4,6215E+11;4,75901E+11;5,03789E+11;5,42686E+11;5,29607E+11
Belize;GDP (current US$);53233532,93;59207317,07;66062500;78343558,28;103216374,3;118066298,3;96905829,6;117650000;136300000;151800000;197938222,4;196089854,7;182206327;192103186;214381949;212643742,7;231638320,5;281082558,6;320093360,3;369133890,7;412086445,5;444720750;518239100;559858250;580863700;620140400;641383800;654314350;688992450;732732350;832050000;868350000;925050000;983500000;1051350000;1102050000;1210150000;1271600000;1351350000;1317300000;1377200000;1460800000;1522900000;1579400000;1662800000;1723800000;1775100000;1836600000;1871200000;1879613600
Benin;GDP (current US$);333627758,2;335072975,2;410331901;504376035,7;554654787;676870140,3;698408244,4;750049739,2;928843304,8;1186231265;1405251547;1291119965;1267778489;1095348303;1051133927;1045712703;1336102041;1562412030;1620246187;1502294411;1959965244;1986437860;1695315306;2274557914;1598075932;2169627251;2361116588;2268301538;2455092582;3676045653;3511248900;3663017700;4174634520;5337266688;6179176459;6565043460;7027863025;8158257572;9748276762;9699586794;9535344283;10693321954;11141358945;12517845732;13284528654;11388160958;11821066153;12701656931;14250985959;14390709095
Bhutan;GDP (current US$);91254878,8;95254715,2;98958684,9;100528478,8;104587458,6;115263849,9;117548521,7;119254685,2;124568597,5;121585496,3;135653295,2;146391639,7;148934334;165585940,6;169264991,2;172217502;201375725,6;253182453,7;283855833,3;275949889,1;299787275,8;250045839,9;250794359,6;235239570,4;270801565,2;303053462,8;316420860,9;365964500,1;376955087,3;419035810,5;424464089,9;461444513,7;520849551,5;604041957,9;682523857;796938120,2;874989895,6;1168308517;1227808791;1234014292;1547991318;1777101317;1781281282;1756215665;1907090813;2003598213;2158972129;2450364928;2446674102;2516325415
Bolivia;GDP (current US$);1017003367;1095622896;1257615645;1262968516;2100249875;2404697651;2731984008;3227436282;3758220890;4421343606;4526916803;5872756933;5587490265;5422440962;6169501038;5377277407;3958338883;4323623622;4597615563;4715978868;4867582620;5343274312;5643893347;5734676561;5981244887;6715220507;7396966657;7925673448;8497545598;8285075872;8397912509;8141537938;7905485216;8082364868;8773451739;9549077869;11451869165;13120183157;16674324634;17339992165;19649631451;23963033588;27084497540;30659338784;32996188133;33000198263;33941126194;37508642113;40287647902;40895322865
Bosnia and Herzegovina;GDP (current US$);1256358478;1385698541;1478562514;1512021451;1524578478;1652352647;1762536251;1754856894;1883251562;1879658562;1958658487;2214521784;2658963652;2985685478;3152547854;2896956895;2263658548;2415896959;2541362589;2545896854;2256895845;2158568947;1896856749;1785869846;1255802469;1866572954;2786045322;3671816504;4116699437;4685733115;5505887894;5748993411;6651106833;8369878823;10596205714;11222953519;12864610994;15778767670;19112739664;17613836210;17176781337;18644723861;17226849297;18178503835;18558343508;16211541253;16913330694;18080118128;20183498491;20047848435
Botswana;GDP (current US$);962451143,5;1269574943;1652580935;2441290885;3060338485;3551724137;3720101197;4516033254;5903767204;8198773002;10609238294;10738615994;10149072545;11722581825;12407963643;11147640071;13926347713;19652748823;26445368043;30838006845;3790567052;3942792837;4146513722;4160086253;4259330999;4730611067;4847752843;5020214747;4790458837;5484257417;5788329609;5489608300;5438857107;7511582173;8957467707;9931134941;10126940513;10939053365;10945070442;10267133178;12786654366;15351972230;14420393564;14901750765;16250750259;14420604206;15646316818;17405538618;18663264706;18340510789
Brazil;GDP (current US$);42327600098;49204456700;58539008786;79279057731;1,05136E+11;1,23709E+11;1,52678E+11;1,76171E+11;2,00801E+11;2,24969E+11;2,35025E+11;2,63561E+11;2,81682E+11;2,03305E+11;2,09024E+11;2,22943E+11;2,68137E+11;2,94084E+11;3,30397E+11;4,25595E+11;4,61952E+11;6,0286E+11;4,00599E+11;4,37799E+11;5,58112E+11;7,69305E+11;8,50426E+11;8,832E+11;8,63723E+11;5,99389E+11;6,55421E+11;5,59372E+11;5,07962E+11;5,5832E+11;6,69317E+11;8,9163E+11;1,10764E+12;1,39708E+12;1,69582E+12;1,66702E+12;2,20887E+12;2,6162E+12;2,46519E+12;2,47281E+12;2,45599E+12;1,80221E+12;1,7957E+12;2,06283E+12;1,88548E+12;1,83976E+12
Brunei Darussalam;GDP (current US$);1075689652;1063214786;1053213248;1046589685;1073577086;1168304306;1423061357;1732721161;1941600704;2803780006;4928824958;4366213850;4264252336;3844723142;3782523088;3523612563;2358592817;2754463438;2690717551;2985467979;3520551724;3701667053;4183548189;4105706152;4087337960;4734020037;5115602837;5197332974;4051147228;4600000000;6001153306;5601090584;5843329108;6557333085;7872333215;9531402848;11470703002;12247694247;14393099069;10732366286;13707370737;18525319978;19047940300;18093829923;17098342541;12930394938;11400854268;12128104859;13567351175;13469422941
Bulgaria;GDP (current US$);8956859856;9152485685;9958632548;11486589651;12520147896;13956256220;14525478547;16523689475;17863256487;18958685478;19839230769;19870000000;19342000000;16563666667;17594944444;17155421053;20249294118;28101000000;22555941176;21988444444;20632090909;10943548387;10350515464;10829710145;9697416974;18983303571;12294221473;11315986087;15030695297;13627323285;13245833844;14183497963;16402846413;21144983552;26157894737;29869283400;34379808889;44405101470;54438966420;51999181062;50363282117;57363610380;54013812089;55591336862;56883172568;50630703922;53785050339;58950125036;66200847918;67927179737
Burkina Faso;GDP (current US$);458404330,1;482411279;578595584;674773821,2;751133642,6;939972703,5;976547572,2;1131225279;1475584037;1748480982;1928720390;1775842680;1754450379;1600278756;1459880353;1552493414;2036303381;2369835439;2616040646;2615588546;3101301781;3135045684;2240264712;2332018011;1895290965;2379518099;2586550747;2447669404;2804902724;3364819317;2956746304;3187582125;3605329547;4730140785;5441918269;6143909201;6541603851;7615651314;9413335567;9412813382;10109618964;12080296644;12561016091;13444301139;13943016924;11832159276;12822558022;14169905602;16199434625;15745810235
Burundi;GDP (current US$);242732571,4;252842285,7;246804571,4;304339839,6;345263492,1;420986666,7;448412753,6;547535555,6;610225555,6;782496666,7;919726666,7;969046666,7;1013222222;1082926304;987143931,2;1149979286;1201725497;1131466494;1082403219;1113924130;1132101253;1167398478;1083037671;938632612;925030590,2;1000428394;869033856,3;972896267,9;893770806,1;808077223,4;870486065,9;876794723,1;825394490,2;878965865,2;915257323,4;1117113046;1273375020;1356199365;1611835902;1781455092;2032135247;2235820868;2333308099;2451625333;2705783272;3104394858;2959640987;3172292379;3036931818;3012334882
Cabo Verde;GDP (current US$);92563525,8;99856854,5;101234152,2;103547468,8;108476235,5;119656328,6;122475845,8;128568958,8;132524784,4;135858968,5;142246875,5;139468114,6;140630758,6;138476239,4;132019065;137728155,2;190651208;235253171,8;264308140,3;267448513,1;306891107,3;319827058,6;357160985,3;490417389,7;406580652,3;487148993,5;501979069,3;490608657,9;521910560,5;592416703,1;539227277,6;563024383,3;620974660,2;813963830,2;924318490,8;971977088,2;1107891063;1513933983;1789333749;1711817182;1664310770;1865915544;1741809809;1850470042;1859898513;1596800287;1662998678;1769787215;1966983316;1981845741
Cambodia;GDP (current US$);718401157,7;969911421,4;505549441,4;702899156;588443893,7;612521548;695868584;715425489;798568598;895865241;915245468;998568958;1056327487;1152548574;1256632547;1356284854;1523684879;1625845789;1856352647;1962535848;2056385487;2152358496;2453625894;2533727592;2791435272;3441205693;3506695720;3443413389;3120425503;3517242477;3677897739;3984000517;4284028483;4658246918;5337833248;6293046162;7274595707;8639235842;10351914093;10401851851;11242275199;12829541141;14054443213;15227991395;16702610842;18049954289;20016747754;22177200512;24571753583;27089389787
Cameroon;GDP (current US$);1160002261;1233991075;1430951332;1758727395;2255496995;2752771044;3076592431;3366368665;4409920644;5811444661;6740756569;7636345827;7322914570;7381854747;7801858825;8148223604;10621158533;12302471429;12493286762;11140055364;11151578051;12434370005;11396310990;15498179313;10600157684;9643953175;10513387442;10833497458;10612847429;11198378749;10083937740;10371327756;11579343088;14548845765;17430933517;17944084201;19356046328;22365265026;26409781215;26017925552;26169323293;29375448542;29102772799;32357345501;34989493826;30928653814;32643697596;35009262788;38694095651;38760467033
Canada;GDP (current US$);87896095224;99271961478;1,13083E+11;1,31322E+11;1,60409E+11;1,73834E+11;2,06576E+11;2,11612E+11;2,18633E+11;2,43072E+11;2,73854E+11;3,06215E+11;3,13507E+11;3,40548E+11;3,55373E+11;3,64756E+11;3,77438E+11;4,31317E+11;5,07354E+11;5,65056E+11;5,9393E+11;6,10328E+11;5,92388E+11;5,77171E+11;5,78139E+11;6,04032E+11;6,28546E+11;6,52824E+11;6,31813E+11;6,76084E+11;7,42295E+11;7,3638E+11;7,57951E+11;8,92382E+11;1,0232E+12;1,16936E+12;1,31542E+12;1,46498E+12;1,54913E+12;1,37115E+12;1,61346E+12;1,78865E+12;1,82869E+12;1,84721E+12;1,80353E+12;1,55613E+12;1,52824E+12;1,64988E+12;1,71626E+12;1,73643E+12
Chad;GDP (current US$);469266736,6;501866730,7;585427545,7;647199482,8;652532796,1;864602103,3;866044961;935360466,4;1113920123;1004316495;1033002402;876937559,7;834369860,4;832415806;919103735,3;1033069710;1067828247;1163426851;1482597299;1433686310;1738605558;1877138042;1881847677;1463251055;1179837955;1445919970;1607345450;1544689503;1744794457;1534673583;1385058162;1709347793;1987622279;2736666516;4414929220;6646663561;7422102656;8638711443;10351932604;9253484108;10668102735;12172309523;12367363678;12953535496;13940768066;10950392220;10097778354;10000395242;11239167048;11314951343
Chile;GDP (current US$);9126309735;10884114754;11853817308;16836261173;16210404184;7622217352;10341925249;13962893422;15989933708;21803696985;29036709872;34509878044;25325893206;20355959237;19622527480;17702885394;18891048819;22255407685;26040229793;29885685143;33113887818;37834793730;45964327559;49297773130;57008425296;73447063319;78039572222;84952360922;81577430181;75173794497;77860932152;70979923960;69736811435;75643459840;99210392858;1,22965E+11;1,54788E+11;1,73606E+11;1,79638E+11;1,72389E+11;2,18538E+11;2,52252E+11;2,67122E+11;2,78384E+11;2,60542E+11;2,43919E+11;2,5044E+11;2,77045E+11;2,98258E+11;2,82318E+11
China;GDP (current US$);92602973434;99800958648;1,13688E+11;1,38544E+11;1,44182E+11;1,63432E+11;1,5394E+11;1,74938E+11;1,49541E+11;1,78281E+11;1,91149E+11;1,95866E+11;2,0509E+11;2,30687E+11;2,59947E+11;3,09488E+11;3,00758E+11;2,72973E+11;3,12354E+11;3,47768E+11;3,60858E+11;3,83373E+11;4,26916E+11;4,44731E+11;5,64325E+11;7,34548E+11;8,63747E+11;9,61604E+11;1,02904E+12;1,094E+12;1,21135E+12;1,3394E+12;1,47055E+12;1,66029E+12;1,95535E+12;2,28597E+12;2,75213E+12;3,55034E+12;4,59431E+12;5,1017E+12;6,08716E+12;7,5515E+12;8,53223E+12;9,57041E+12;1,04757E+13;1,10616E+13;1,12333E+13;1,23104E+13;1,38948E+13;1,43429E+13
Colombia;GDP (current US$);7198360460;7820380971;8671358733;10315760000;12370029584;13098633902;15341403660;19470960619;23263511958;27940411250;33400735644;36388366869;38968039722;38729822782;38253120738;34894411352;34942489684;36373307085;39212550050;39540080200;47844090710;49175565911;58418985443;66446804803;81703500846;92507279383;97160109278;1,0666E+11;98443739941;86186158685;99886577331;98211751482;97963002599;94641380064;1,17082E+11;1,45619E+11;1,61619E+11;2,06182E+11;2,42187E+11;2,32398E+11;2,86563E+11;3,34944E+11;3,70921E+11;3,82116E+11;3,81112E+11;2,93482E+11;2,82825E+11;3,11884E+11;3,33569E+11;3,23803E+11
Comoros;GDP (current US$);135845215,1;145862563,2;155424152,2;159854525,6;168542548,7;178956245,5;185485698,6;191524574,4;198563658,4;201542156,6;212218226,4;196349967,7;184008995,6;191621958,4;184697210;196726077,1;279197696,8;337525870,6;356500026,7;341476764;429622147,7;424108796,6;457388578,9;452881443,1;319189200,4;398461789,6;396053797,6;364445589,7;370106776;382454989,9;350264287,7;378180913,4;423962976,7;545658929;632570092,2;653584808,7;697810988,1;794621676,5;911967428,7;901711442,3;907978723,5;1023086184;1015843369;1116224161;1149587652;966029542;1012835518;1077439663;1178530758;1185728677
Congo, Dem. Rep.;GDP (current US$);4877684910;5594770359;6173712814;7870239461;9596960180;10237343174;9648583225;12344424764;15372608002;15068422236;14394927495;12537821038;13651667371;11006712650;7857729193;7195042616;8095367168;7661625473;8861299977;9021862775;9349764580;9625436873;8227343907;10706259937;5820382248;5643439376;5771454940;6090840548;6215591270;4711259427;19088046306;7438189100;8728038525;8937567060;10297483481;11964484668;14451902468;16737071816;19788515874;18648373312;21565720044;25839749199;29306235826;32679745298;35909040266;37917704900;37134799975;38019265626;46831342213;47319624204
Congo, Rep.;GDP (current US$);274960699,9;322128019,3;410669262,9;541973362,5;585364635,4;767102679;754549600,5;765224030,6;878771771,3;1198749666;1705796850;1993512326;2160640567;2097274290;2193581366;2160872541;1849268215;2297753649;2212536313;2389593022;2798746051;2724853593;2933222714;1918970032;1769365425;2116003978;2540697688;2322718991;1949481297;2353909564;3219910550;2794259783;3019993739;3495868808;4648628921;6087003176;7731261311;8394688284;11859013281;9593537551;12019594809;14444509756;13677147848;14089855509;14196322768;8556594871;9041986778;9035182062;11662700148;10820591131
Costa Rica;GDP (current US$);984830158,5;1077152902;1238251696;1528916185;1666544754;1960863466;2412555426;3072427013;3523208810;4035519323;4831447001;2623807074;2606621255;3146770104;3660476459;3919203960;4418983871;4532952047;4614629898;5251025767;5711687787;7168999670;8528593421;9537297723;10432619325;11513472786;11618286652;12552071488;13617405297;14195623343;14949514493;15913363441;16504795593;17196009811;18528955525;19948261084;22602721765;26743972564;30612927059;30562361123;37268614024;42262697840;46473128286;49745088112;50577769838;54775994479;57157992434;58481858043;60553901420;61773944174
Cote d'Ivoire;GDP (current US$);1455482990;1584128262;1849400600;2508421235;3070151901;3893839190;4662053708;6265067858;7900524898;9142935858;10175615442;8432588484;7567109767;6838185419;6841638715;6977650069;9158302205;10087653189;10255170460;9757410614;10795850107;10492628915;11152971316;11045759469;8313557450;11000146839;12139234939;11722142706;12612033729;12376639823;10717022463;11192560827;12346919216;15306602560;16554441847;17084928927;17800887796;20343635320;24224903100;24277493862;24908781285;25414875503;26789047555;31273074528;35363533866;45814637971;47964234560;51588158718;57724731365;58792205642
Croatia;GDP (current US$);10582658942;11548759685;12985968594;13584875847;14857896895;15868569365;16523894587;17542896547;18254256851;18965384785;19856362521;21506256325;22517849856;25417748596;28653625478;29856415214;38956836254;35214251478;29536258945;25896541547;18562534785;12515478541;15242535895;17585684521;19856859251;22417412251;23710205734;23854819336;25466974683;23400452775;21669183469;23179763831;26815681492;34686502610;41594385430;45386774692;50454950478;60182902955;70288870870;62666199344;59807930156;62354273096;56494367810;58056933513;57642914304;49530641704;51596973259;55319605061;60991399904;60415553039
Cuba;GDP (current US$);5693005200;6914658400;8135150892;9987709650;11405957317;13027415244;13789579903;14206158675;17844705325;19584443288;19912889861;20150254096;20953510235;22204940512;24039383608;22920490774;24226574634;25213935012;27458999472;27023468666;28645436569;24316556026;22085858243;22367254865;28448326757;30429803651;25017368700;25365908100;25736331200;28364615200;30565400000;31682400000;33590500000;35901200000;38203000000;42643836100;52742800000;58603900000;60806300000;62080000000;64328000000;68990000000;73141000000;77148000000;80656000000;87133000000;91370000000;96851000000;1,00023E+11;1,15236E+11
Cyprus;GDP (current US$);332574896,1;356328496,2;398647512,2;415274865,8;445896859,5;489914760,7;576090073,7;734887974;964026512,2;1288715210;2154311277;2087496374;2159242417;2160364071;2278248953;2430411900;3090734463;3704813886;4278792597;4563482604;5591130218;5770197348;6912150456;6590291048;7425703929;9933133247;10011918444;9547818700;10248617647;10497908306;9985844486;10397897086;11420227885;14547325028;17320552500;18433411267;20072786351;23968764030;27844698989;25945391775;25732432719;27565469098;24978513427;23900872626;23128114787;19779150116;20890936462;22638608224;24961995749;24564647935
Czech Republic;GDP (current US$);11523648594;12596358647;13524784512;15425636587;16525412547;16953625478;17856958945;19584586523;19869658987;22658965874;26584562578;28569653647;29635487854;31526487594;33526418594;35425210625;36586958947;37458695845;38562562541;39856854785;40477403220;29675502270;34590052812;40614350197;47554674591;59775697061;66985765439;61792161168;66490372105;64867483193;61649492817;67523642262;81910771994;99627140274;1,19162E+11;1,36281E+11;1,55464E+11;1,89227E+11;2,35719E+11;2,0618E+11;2,07478E+11;2,27948E+11;2,07376E+11;2,09402E+11;2,07818E+11;1,8683E+11;1,9509E+11;2,15914E+11;2,44987E+11;2,46489E+11
Denmark;GDP (current US$);17075457600;19085731252;23232379952;30730626663;34160444798;40474406216;44575892473;49784338519;60362931854;70366241969;71127528700;61877813965;60412844679;60644782176;59105236854;62658568287;88078760104;1,09414E+11;1,15553E+11;1,12409E+11;1,38247E+11;1,39225E+11;1,52916E+11;1,43196E+11;1,56162E+11;1,85007E+11;1,87632E+11;1,73538E+11;1,76992E+11;1,77965E+11;1,64159E+11;1,64791E+11;1,78635E+11;2,18096E+11;2,51373E+11;2,64467E+11;2,82885E+11;3,19423E+11;3,53361E+11;3,21241E+11;3,21995E+11;3,44003E+11;3,27149E+11;3,43584E+11;3,52994E+11;3,02673E+11;3,13116E+11;3,29417E+11;3,55675E+11;3,48078E+11
Djibouti;GDP (current US$);128457845,5;134568958,5;139869568,8;148569785,2;158698563,2;168969589,6;178546985,3;188653689,5;187568475,5;198564751,2;205256363,9;215689597,4;252636589,5;296585457,8;312569854,5;340989528;356859854,5;373371738,3;395794538,6;409220087,1;452328087,3;462421998,5;478058304,9;466048469,2;491689220,7;497723960,6;494004647,7;502675542;514267869,3;536080148,1;551230861,9;572417440,8;591122039,6;622044665,5;666072101,8;708633194,7;768873684;847918929,1;999105339,3;1049110685;1128611700;1239144502;1353632942;2042817163;2214681574;2430287967;2603554907;2751461056;3012820410;3318716359
Dominican Republic;GDP (current US$);1485500000;1666500000;1987400000;2344800000;2925700000;3599200000;3951500000;4587100000;4734400000;5498800000;6761300000;7561300000;8267400000;9220600000;11594000000;5044592945;6122198120;5826987099;5374314928;6686593060;7073675545;9734321854;11356271336;13081042400;14664237667;16598679279;18241691857;20017908829;21672526563;22137599986;24305116729;25599311449;27362875603;21642882856;22692574473;36119047252;38116351526;43965420072;48122547177;48261033298;53860175556;58029750746;60681537196;62682163837;67179914027;71164825257;75704720190;79997975622;85555378043;88941298258
Ecuador;GDP (current US$);2862504170;2754220263;3185987235;3891755552;6599259421;7731677257;9091924305;11026346590;11922502171;14175166008;17881514683;21810767209;19929853575;17152483214;16912515183;17149094590;15314143988;13945431882;13051886552;13890828708;15239278100;16988535268;18094238119;18938717359;22708673337;24432884442;25226393197;28162053027;27981896948;19645272636;18327764882;24468324000;28548945000;32432858000;36591661000;41507085000;46802044000;51007777000;61762635000;62519686000;69555367000;79276664000;87924544000;95129659000;1,01726E+11;99290381000;99937696000;1,04296E+11;1,07562E+11;1,07436E+11
Egypt, Arab Rep.;GDP (current US$);8042200452;8609283346;9299638056;10098534613;9228963225;11632178869;13315988083;14400806876;14811704063;18020571429;21669908177;22136081081;27655172414;30966239814;33971188992;39053502251;41253507951;40455616654;34980124929;39756299050;42978914311;37387836491;41855986519;46578631453;51897983393;60159245060;67629716981;78436578171;84828807556;90710704807;99838543960;97632008710;87850683979;82924503943;78845185293;89685725230;1,07484E+11;1,30479E+11;1,62818E+11;1,88982E+11;2,18888E+11;2,36002E+11;2,79373E+11;2,88586E+11;3,0553E+11;3,32698E+11;3,32928E+11;2,35369E+11;2,50895E+11;3,03175E+11
El Salvador;GDP (current US$);1132920000;1186120000;1263720000;1442320000;1665880000;1884120100;2328280100;2941640100;3127960000;3463639900;3573959900;3437200200;3399189100;3506347800;3661683400;3800368600;3771663200;3958045800;4189880000;4372215300;4817542204;5252342400;5813399300;6680269200;7679384000;8921947100;9586327800;10221705900;10936669900;11284197000;11784927700;12282533600;12664190300;13243892200;13724810900;14698001400;15999886400;17011750900;17986890000;17601620000;18448000000;20284000000;21386000000;21990970000;22593480000;23438240000;24191440000;24979200000;26117400000;27022640000
Equatorial Guinea;GDP (current US$);66331428,57;64946954,76;65429198,24;81203226,91;94159862,71;104295643,4;103653049,9;103987520,1;95868548,55;75898658,77;50642880,77;36731422,85;44294647,73;44442456,95;50320914,41;62118564,85;76407396,76;93345847,73;100534663,3;88265974,58;112119406,5;110906032,1;134707184,4;136047896,2;100807001,8;141853368,3;232463036,4;442337849,5;370687618,7;621117885,7;1045998496;1461139022;1806742742;2484745935;4410764339;8217369093;10086528699;13071718759;19749893536;15027795173;16314442183;21357344847;22388345810;21948835350;21765454404;13185496836;11240809132;12200914930;13278488567;11026774945
Eritrea;GDP (current US$);178596325,4;187458698,5;195324785,2;196526385,4;197568352,1;198635628,8;205625347,5;215496583,3;223685478,1;246589696,9;256895214,2;275458541,2;286536985,2;296589478,2;312563258,8;336589521,2;345896582,1;386964521,2;396589658,2;412547854,4;432569658,5;445256847,1;477101651,6;467872714,8;531688311,7;578015625;693535954,2;686490090,1;745526154,9;688921325,7;706370815,6;752368495,5;729321366,7;870247703,2;1109054005;1098425901;1211161880;1317974491;1380188800;1856695551;1589515447;2065001626;2125451528;2125632487;2215478541;2263564874;2512401258;2526325210;2615478547;2658561521
Estonia;GDP (current US$);1975846859;1985698569;2065362895;2054785478;2056899695;2125487985;2256478547;2458596859;2503628958;2602145782;2456896859;2854875968;3025456895;3065893589;3152478542;3356298695;3426587451;3526896859;3652987948;3526895784;3745251542;3859689475;3968584795;4006982535;4116735207;4497823918;4780169853;5147711226;5665917232;5762048126;5694069842;6259258258;7372457191;9877636518;12144397516;14098326328;17012321791;22445582946;24371299985;19744110447;19693608687;23391529311;23192709239;25271407239;26773472962;23048864243;23996451498;26859101054;30747159198;31386949981
Eswatini;GDP (current US$);112137757,2;136465324,4;146741251,5;221902017,3;264311994,1;288302907,4;272539098,4;304047838,1;340616375,3;412093133,8;542000513,6;571542674,6;537575980,8;555336145,8;494475699,9;361014890,5;449146608,3;584135559,9;692016714,3;696915430,7;1114703088;1156141998;1284766234;1357206996;1419293455;1698982438;1602760100;1716699913;1576904292;1547884442;1738100853;1542477355;1432228173;2197612767;2770082822;3178126555;3291353806;3469363925;3294093364;3580417161;4438778547;4820499497;4886658806;4597702903;4422304975;4073390990;3840677845;4446248676;4710618470;4405405802
Ethiopia;GDP (current US$);4478547412;4985632564;5123478547;5325147548;5574851245;5986847851;6254784578;6658969586;6745852145;6958475869;7152489586;7324903188;7707678019;8567890821;8096302367;9480840483;9848600870;10527338647;10908935749;11476584879;12175166763;13463868357;10492993078;8830712714;6927950565;7663984568;8547939731;8589211390;7818224906;7700833482;8242392104;8231326016;7850809498;8623691300;10131187261;12401139454;15280861835;19707616773;27066912635;32437389116;29933790334;31952763089;43310721414;47648211133;55612228234;64589334979;74296618481;81770791971;84269348327;96107662398
Fiji;GDP (current US$);219878482,2;247749327,7;316650509;425963359,4;558589870,9;684268280,8;694552411,7;719533137,1;829239489,8;1019743927;1202567359;1235899836;1194015444;1123107276;1177997414;1141210125;1290228617;1177908192;1109976928;1182686577;1337024782;1383843860;1531803061;1635426125;1825285158;1970347721;2129266728;2093994597;1656784780;1942170999;1684109743;1660102346;1842691481;2315935753;2727507213;3006725015;3102741451;3405050612;3523185920;2870624636;3140508836;3774530616;3972012571;4190143206;4856963230;4682546863;4930204230;5353404422;5536759653;5535548972
Finland;GDP (current US$);11357517271;12527405087;14743185403;19472363155;24848821333;29472623727;31849514233;33499799174;36256160722;44465255381;53645202423;52448332874;52797582336;50973526900;52888800950;55875863392;73531550551;91594751792;1,09059E+11;1,19012E+11;1,41438E+11;1,27774E+11;1,12533E+11;89214114708;1,033E+11;1,3419E+11;1,32129E+11;1,26912E+11;1,34039E+11;1,35218E+11;1,25707E+11;1,29421E+11;1,39738E+11;1,71274E+11;1,97117E+11;2,04809E+11;2,16908E+11;2,56053E+11;2,84554E+11;2,52497E+11;2,49181E+11;2,75244E+11;2,58305E+11;2,71285E+11;2,74497E+11;2,3444E+11;2,40608E+11;2,55123E+11;2,75894E+11;2,68761E+11
France;GDP (current US$);1,48456E+11;1,65967E+11;2,03494E+11;2,6443E+11;2,85552E+11;3,60832E+11;3,72319E+11;4,10279E+11;5,06708E+11;6,13953E+11;7,01288E+11;6,15552E+11;5,84878E+11;5,59869E+11;5,30684E+11;5,53138E+11;7,71471E+11;9,34173E+11;1,01885E+12;1,02521E+12;1,26918E+12;1,26928E+12;1,40147E+12;1,32282E+12;1,39398E+12;1,60109E+12;1,60568E+12;1,45288E+12;1,50311E+12;1,49265E+12;1,36225E+12;1,37647E+12;1,49429E+12;1,84048E+12;2,11574E+12;2,19613E+12;2,31859E+12;2,65721E+12;2,91838E+12;2,69022E+12;2,64261E+12;2,86141E+12;2,68383E+12;2,81108E+12;2,85217E+12;2,43821E+12;2,47129E+12;2,59515E+12;2,78786E+12;2,71552E+12
Gabon;GDP (current US$);1326536584;1413252013;1459856856;1513256985;1544216004;2157592937;3009409971;2809349074;2389479269;3030251116;4279637934;3862269127;3618007844;3391275731;3561451562;3339914759;3403638194;3281797039;3834503378;4186411457;5952293766;5402919957;5592390849;4378645081;4190819314;4958845906;5694040337;5326816859;4483417120;4662992036;5067865321;5018874179;5310381151;6497305662;7756293575;9578973591;10318424464;12438956756;15508574820;12065138273;14372591916;18210308748;17170465294;17595745653;18203968002;14383107714;14023890620;14929488771;16862282414;16657960228
Gambia, The;GDP (current US$);52296836,75;55728608,97;59161545;75187969,92;95797533,46;115182522,1;112189468,5;138094243,3;171836793,4;207114382,5;241080708,9;218764445,8;216051496;213446562,6;177338801,9;225724851,7;185646209,4;220626484,2;266673126,2;284119692,5;317083373,5;690314321,4;714255460,5;755042548,1;746491692,6;785996982,5;848237108,6;803630742,5;840285264,6;814723460,1;782915402,4;687408804,6;578236035,1;487038821,6;961900106,9;1027702254;1054113427;1279704745;1561763437;1450140386;1543292393;1409694554;1415006238;1375608956;1229460602;1354788659;1470006034;1498044491;1624600882;1763819048
Georgia;GDP (current US$);1985685478;2012478745;2263568547;2563589685;2745814142;2896859784;3025636584;3256254178;3457869584;3985475421;4125474124;4478598658;4625312014;4785142547;5023521478;5426358847;6523854784;6985452147;7025635894;7154854785;7753501868;6357615894;3690328964;2701181331;2513870587;2693731866;3094935187;3510520231;3613498175;2800026339;3057475289;3219488664;3395728014;3991284895;5125365192;6410823633;7745394293;10172882371;12795076469;10766836277;12243505583;15107441447;16488403076;17189551521;17627003455;14953950557;15141758567;16242916916;17599700091;17743195770
Germany;GDP (current US$);2,15838E+11;2,49985E+11;2,99802E+11;3,98374E+11;4,45303E+11;4,90637E+11;5,19754E+11;6,00498E+11;7,4047E+11;8,81345E+11;9,50291E+11;8,00472E+11;7,76576E+11;7,70684E+11;7,25111E+11;7,32535E+11;1,04626E+12;1,29818E+12;1,40123E+12;1,39897E+12;1,77167E+12;1,86895E+12;2,13157E+12;2,07132E+12;2,20507E+12;2,58579E+12;2,49724E+12;2,21199E+12;2,23899E+12;2,1942E+12;1,94315E+12;1,94411E+12;2,06862E+12;2,49613E+12;2,80919E+12;2,8458E+12;2,9922E+12;3,42123E+12;3,73003E+12;3,39779E+12;3,39635E+12;3,74441E+12;3,52734E+12;3,73274E+12;3,88392E+12;3,36055E+12;3,46679E+12;3,6658E+12;3,94955E+12;3,84563E+12
Ghana;GDP (current US$);2215029450;2417107708;2112292945;2465492958;2894409938;2810106383;2765254237;3189428571;3662478185;4020227920;4445228216;4222441615;4035994398;4057275043;4412279843;4504342149;5727602645;5074829932;5197840979;5251764264;5889174825;6596546196;6413901602;5966255778;5444560669;6465137615;6934984709;6891308594;7480968858;7719354839;4983024408;5314909954;6166330136;7632406553;8881368538;10731634117;20409668522;24758819718;28526891010;25977847814;32197272797;39337314810;41270954737;62405374786;53660342160;48564863888;55009730600;58998132330;65556464048;66983634224
Greece;GDP (current US$);13139862500;14591755682;16885506818;22347844649;25351305682;28525872476;31152840485;36176233117;44270203154;54481875805;56829663469;52346507380;54617991327;49428872678;48020024788;47820850975;56379593720;65652751132;76261278405;79169043642;97891090929;1,05143E+11;1,16225E+11;1,08809E+11;1,16602E+11;1,36878E+11;1,45862E+11;1,43158E+11;1,44428E+11;1,42541E+11;1,30134E+11;1,36191E+11;1,53831E+11;2,01924E+11;2,40521E+11;2,47783E+11;2,73318E+11;3,18498E+11;3,54461E+11;3,3E+11;2,99362E+11;2,87798E+11;2,45671E+11;2,39862E+11;2,3703E+11;1,96591E+11;1,95222E+11;2,03588E+11;2,18138E+11;2,09853E+11
Guatemala;GDP (current US$);1904000000;1984800000;2101300000;2569200100;3161499900;3645900000;4365300200;5480500200;6070600200;6902600200;7878700000;8607500300;8716999700;9050000400;9470000100;9721652087;7231963516;7084399840;7841602824;8410724361;7650125217;9406097735;10440842165;11399942453;12983235568;14655404433;15674835615;17790026222;19395491993;18318412251;19288827159;18702802522;20776403774;21917430694;23965275794;27211377107;30231249625;34113107372;39136436614;37733609795;41338008613;47654783852;50388460925;52996540576;57852399834;62186186576;66053725049;71612352781;73118147808;76710385880
Guinea;GDP (current US$);714568458;798568547;874585421;896956854;912563524;998564875;1158968958;1254798658;1358968597;1435284875;1478548976;1512452578;1598695685;1698548574;1785485632;1875489685;1922600899;2041538057;2384295764;2432029380;2666616177;3014890569;3284625277;3279063318;3383218923;3693753379;3869032271;3783788551;3588376057;3461282294;2995360969;2833442750;2949637039;3446442219;3666349049;2937071767;4220019243;6281917656;6964179194;6716904569;6853467858;6785137173;7638045254;8376613843;8778473615;8794202444;8603884845;10336634799;12207116729;13590281809
Guinea-Bissau;GDP (current US$);78733594,84;78540057,14;87702828,57;89374237,29;98775328,95;108985740,2;112386489;114971207,2;122666858,8;118537875,1;110653830,7;154731969,7;165523634,5;163577538,3;138478900,6;143856253,1;130225018,8;173836362;164458120,3;213143016,4;243961995,5;257150374,1;226313443,7;236880821,7;235620043,5;253966922,3;270419779,4;268550998,2;206457544,5;224446663,8;370173838,7;392278168,2;415843482;476388260,6;531109356,2;586795675,4;591839470,7;695990208,4;864654795,3;826798659,8;849050127,5;1098379392;989327811,8;1045790133;1053512334;1047808175;1178204501;1346841897;1458156026;1340389411
Guyana;GDP (current US$);267800000;282050000;285380952,4;307047619;433954545,5;494791666,7;454440000;449880000;507080000;530440000;603200000;570357107,1;482000000;489333333,3;437631605,3;453488372,1;504651139,5;354591846,9;413799990;379779389,7;396582263,3;348533094,8;373573141,5;454101382,5;540874934,2;621626785,9;705406001,4;749138009,6;717530683,2;694754988,3;712667896,7;712167575,6;726131434,7;743064076,8;787814379,2;824880550,3;1458453715;1740180444;1916994912;2061323854;2273225042;2576024116;2861562266;2987684170;3077643314;3197220339;3504024213;3555205811;3878662621;4280443645
Haiti;GDP (current US$);331200000;362800000;372000000;466800000;565400000;681400000;879000000;947000000;974200000;1080600000;1383800000;1479400000;1474200000;1623600000;1816200000;2009400000;2318000000;2047200000;2613926800;2736243800;3096289800;3473540602;2257121668;1878248741;2167564195;2813313279;2907514523;3338938830;3723909227;4153736347;3953846311;3596443005;3472191962;2960306121;3537720277;4310358096;4756204070;5885325590;6548530572;6584649419;6622541529;7516834160;7890647022;8485077205;8775444942;8724656126;7970649131;8409497402;9658721170;8498981821
Honduras;GDP (current US$);723000000;731000000;802999950;912499950;1034500000;1124000000;1347999950;1669499950;3097242093;3544281976;3968160046;4043894879;4266503526;4476697185;4915311846;5278120713;5677828959;6190521241;5902717092;5432344902;4923009552;4648668479;4943700431;4926728933;4642280682;5347445005;5215028986;5737099650;6366340266;6414520530;7103507989;7565869928;7775078403;8140271081;8772146605;9672035709;10841742348;12275501784;13789715133;14587496229;15839344592;17710315006;18528601901;18499710128;19756494435;20979767785;21717622071;23136232230;24024189736;25095395475
Hungary;GDP (current US$);14985854859;15125415247;15545254785;15869547236;16853256485;17896963524;18965896956;19754856985;19856963584;20145741524;20589698569;21524587896;23658985478;25425848751;26895869854;27584896854;28547541478;29856859745;30689589856;31255248754;32568548794;34753569690;38730585921;40124916945;43166678731;46425677734;46658755152;47296952929;48706787306;49073380174;47218405892;53749989092;67608919144;85302003908;1,0396E+11;1,12981E+11;1,15577E+11;1,39966E+11;1,58136E+11;1,3076E+11;1,31136E+11;1,4111E+11;1,28154E+11;1,35409E+11;1,40559E+11;1,2453E+11;1,27507E+11;1,41511E+11;1,57883E+11;1,60967E+11
India;GDP (current US$);62422483055;67350988021;71463193830;85515269586;99525899116;98472796457;1,02717E+11;1,21487E+11;1,373E+11;1,52992E+11;1,86325E+11;1,93491E+11;2,00715E+11;2,18262E+11;2,12158E+11;2,32512E+11;2,48986E+11;2,79034E+11;2,96589E+11;2,96042E+11;3,20979E+11;2,70105E+11;2,88208E+11;2,79296E+11;3,27276E+11;3,60282E+11;3,92897E+11;4,15868E+11;4,21351E+11;4,5882E+11;4,68395E+11;4,85441E+11;5,14938E+11;6,07699E+11;7,09149E+11;8,20382E+11;9,4026E+11;1,21674E+12;1,1989E+12;1,34189E+12;1,67562E+12;1,82305E+12;1,82764E+12;1,85672E+12;2,03913E+12;2,10359E+12;2,2948E+12;2,65275E+12;2,71317E+12;2,87514E+12
Indonesia;GDP (current US$);9150684932;9333536360;10997590361;16273253012;25802409639;30463855422;37269156627;45808915663;51455719100;51400186379;72482337370;85518233451;90158449307;81052283405;84853699994;85289491750;79954072570;75929617577;84300174477;94451427898;1,06141E+11;1,16622E+11;1,28027E+11;1,58007E+11;1,76892E+11;2,02132E+11;2,2737E+11;2,15749E+11;95445547873;1,40001E+11;1,65021E+11;1,60447E+11;1,95661E+11;2,34772E+11;2,56837E+11;2,85869E+11;3,64571E+11;4,32217E+11;5,10229E+11;5,3958E+11;7,55094E+11;8,92969E+11;9,1787E+11;9,12524E+11;8,90815E+11;8,60854E+11;9,31877E+11;1,01562E+12;1,04224E+12;1,11919E+12
Iran, Islamic Rep.;GDP (current US$);10976245154;13731801565;17153463264;27081698249;46209092073;51776222350;68055295080;80600122701;77994316622;90391877325;94362275580;1,00499E+11;1,25949E+11;1,56365E+11;1,62277E+11;1,80184E+11;2,09095E+11;1,3401E+11;1,23058E+11;1,20496E+11;1,24813E+11;85485487548;74589856985;63743623232;71841461173;96419225744;1,20404E+11;1,13919E+11;1,10277E+11;1,13848E+11;1,09592E+11;1,26879E+11;1,28627E+11;1,53545E+11;1,90043E+11;2,26452E+11;2,66299E+11;3,49882E+11;4,12336E+11;4,16397E+11;4,86808E+11;5,80765E+11;5,98868E+11;4,60293E+11;4,32687E+11;3,84951E+11;4,17984E+11;4,45345E+11;4,61525E+11;4,81525E+11
Iraq;GDP (current US$);3281713806;3865346535;4113848002;5134367778;11516762614;13458516763;17754825601;19838130715;23762275652;37816457839;53405689130;38424991534;42595309883;40595046639;46802508845;48284979093;47127693792;56609842393;62503055645;65641363783;1,79886E+11;1,52125E+11;1,21326E+11;1,12565E+11;1,09522E+11;99658546854;94251521547;89021502412;64585215471;52548574851;42525635214;41025879654;42515236854;39654128742;36627901762;49954890353;65140293688;88840050497;1,31614E+11;1,11661E+11;1,38517E+11;1,8575E+11;2,18001E+11;2,34638E+11;2,34648E+11;1,77499E+11;1,74879E+11;1,95473E+11;2,24228E+11;2,34094E+11
Ireland;GDP (current US$);4401259497;5104355309;6325627459;7490132356;7906317069;9495165854;9465078121;11261810826;14665538055;18341273372;21773901117;20694944099;21500471384;20790917197;20130728188;21295485800;28748959623;33961141386;37818133293;39285383971;49364679953;49847127139;55985505025;52480251773;57166035571;69222624369;75880630166;82826141595;90082051923;98692079267;99852958356;1,09135E+11;1,2795E+11;1,64285E+11;1,93871E+11;2,11649E+11;2,32083E+11;2,69918E+11;2,75039E+11;2,36316E+11;2,22149E+11;2,37472E+11;2,24999E+11;2,38544E+11;2,58472E+11;2,915E+11;3,00523E+11;3,35663E+11;3,82674E+11;3,88699E+11
Israel;GDP (current US$);7048666667;6711750000;8775250000;11326250000;16341000000;15360166667;15183125000;17372800000;16843176471;21514080000;24164509804;25579228070;27837510288;31092229537;29160458731;27504906778;34097559618;40963276308;50099378323;49901963212;59011274626;67558012988;75607006994;75985901276;86342656604;1,00385E+11;1,09996E+11;1,14693E+11;1,15933E+11;1,17112E+11;1,32343E+11;1,30756E+11;1,21124E+11;1,26966E+11;1,35477E+11;1,42529E+11;1,54034E+11;1,78959E+11;2,16105E+11;2,07468E+11;2,33996E+11;2,61469E+11;2,5718E+11;2,92636E+11;3,09558E+11;2,99813E+11;3,18951E+11;3,53253E+11;3,70588E+11;3,95099E+11
Italy;GDP (current US$);1,13395E+11;1,24672E+11;1,4526E+11;1,75492E+11;1,99564E+11;2,27696E+11;2,24717E+11;2,57596E+11;3,15058E+11;3,93677E+11;4,77257E+11;4,30703E+11;4,27273E+11;4,43042E+11;4,37888E+11;4,52217E+11;6,40386E+11;8,05713E+11;8,91609E+11;9,28661E+11;1,18122E+12;1,24622E+12;1,32016E+12;1,06496E+12;1,09922E+12;1,17466E+12;1,31243E+12;1,24188E+12;1,27005E+12;1,25202E+12;1,14383E+12;1,16701E+12;1,27071E+12;1,57415E+12;1,80323E+12;1,85752E+12;1,94792E+12;2,21029E+12;2,39886E+12;2,19124E+12;2,13402E+12;2,29199E+12;2,08708E+12;2,14132E+12;2,15913E+12;1,8359E+12;1,8758E+12;1,9618E+12;2,08576E+12;2,00124E+12
Jamaica;GDP (current US$);1404776071;1539865514;1875048860;1905917553;2375096249;2860411286;2966010230;3249697393;2644449232;2425033998;2679409453;2979061412;3293533288;3619294121;2373566957;2100223150;2754566176;3286987552;3828310735;4404970059;4592224067;4071219198;3530892749;5405097571;5419134875;6538840170;7368000000;8375077443;8763219645;8851581633;8985352832;9178016493;9694169757;9399447609;10150978155;11204416000;11901911988;12827809965;13680482787;12067478478;13220556883;14444655300;14807086889;14262589158;13897804560;14187696311;14075894320;14806340821;15713908816;16458071068
Japan;GDP (current US$);2,12609E+11;2,40152E+11;3,18031E+11;4,32083E+11;4,79626E+11;5,21542E+11;5,86162E+11;7,21412E+11;1,01361E+12;1,05501E+12;1,10539E+12;1,21899E+12;1,13452E+12;1,24332E+12;1,31838E+12;1,39889E+12;2,07895E+12;2,53281E+12;3,07168E+12;3,05491E+12;3,13282E+12;3,58442E+12;3,90881E+12;4,45414E+12;4,90704E+12;5,44912E+12;4,83371E+12;4,41473E+12;4,03251E+12;4,56208E+12;4,88752E+12;4,30354E+12;4,11512E+12;4,44566E+12;4,81515E+12;4,75541E+12;4,53038E+12;4,51526E+12;5,03791E+12;5,23138E+12;5,7001E+12;6,15746E+12;6,20321E+12;5,15572E+12;4,85041E+12;4,38948E+12;4,92254E+12;4,86686E+12;4,95481E+12;5,08177E+12
Jordan;GDP (current US$);639596751,6;678241389;788574629;943700547,8;1197454207;1363039400;1708734940;2096568479;2602748691;3271728272;3910036925;4384685230;4680567376;4920407601;4966710013;4993829194;6401380000;6755599114;6277197435;4220945005;4160003917;4344250257;5390688438;5685784384;6326420495;6821989155;7024203103;7347574048;8023356841;8263921016;8579280677;9101452750;9716868829;10338730606;11571424542;12765218618;15268053597;17350521862;22279907003;24154000000;26795901408;29244647887;31371056338;34064873239;36329267606;38043450704;39196676056;40708943662;42231295775;43743661972
Kazakhstan;GDP (current US$);9152425684;9985485685;10854869521;11984254875;12154854781;12985487548;13125142514;13596859845;14525847847;15474854125;16985685925;17421564876;17854854785;18652415142;18795848754;19853625894;20658968598;21545785487;22568958984;25645878457;26932728899;24881135586;24906939560;23409027476;21250839258;20374307047;21035357833;22165932063;22135245413;16870817135;18291990619;22152694162;24636593223;30833699703;43151647003;57123671734;81003884545;1,0485E+11;1,33442E+11;1,15309E+11;1,48047E+11;1,92627E+11;2,07999E+11;2,36635E+11;2,21416E+11;1,84388E+11;1,37278E+11;1,66806E+11;1,7934E+11;1,80162E+11
Kenya;GDP (current US$);1603447357;1778391289;2107279157;2502142444;2973309272;3259344936;3474542392;4494378855;5303734883;6234390975;7265315332;6854491454;6431579357;5979198464;6191437070;6135034338;7239126717;7970820531;8355380879;8283114648;8572359163;8151479004;8209129172;5751789915;7148145376;9046326060;12045858436;13115773738;14093998844;12896013577;12705357103;12986007426;13147743911;14904517650;16095337094;18737897745;25825524821;31958195182;35895153328;37021512049;40000088347;41953433591;50412754861;55096728048;61448046802;64007750169;69188755364;78965004656;87778582964;95503088538
Korea, Rep.;GDP (current US$);9005023184;9903499928;10862327878;13876531432;19544094741;21784297521;29902479339;38446487603;51972107438;66946900826;65398646758;72933350954;78358866335;87760360941;97510235986;1,01296E+11;1,16837E+11;1,47948E+11;1,99591E+11;2,46927E+11;2,83368E+11;3,30649E+11;3,55525E+11;3,92666E+11;4,63617E+11;5,66583E+11;6,1017E+11;5,69755E+11;3,83331E+11;4,97513E+11;5,76178E+11;5,47658E+11;6,27246E+11;7,02717E+11;7,93175E+11;9,34901E+11;1,05322E+12;1,17261E+12;1,04734E+12;9,43942E+11;1,14407E+12;1,25322E+12;1,27843E+12;1,3708E+12;1,48432E+12;1,46577E+12;1,50011E+12;1,6239E+12;1,72058E+12;1,64238E+12
Kuwait;GDP (current US$);2873984878;3880370402;4451200973;5408293999;13004774557;12024138276;13131668947;14135729588;15500908760;24746019537;28638550499;25056672166;21577977770;20869434305;21697297872;21442619681;17903681693;22365734482;20692472760;24312117767;18427777778;11008793176;19858555215;23941391391;24848483838;27191353887;31493319973;30355093966;25939960630;30123850197;37712842243;34887512227;38137545245;47876510067;59439090601;80798630137;1,01549E+11;1,1464E+11;1,47395E+11;1,05963E+11;1,15419E+11;1,54068E+11;1,7407E+11;1,74161E+11;1,62631E+11;1,14567E+11;1,0942E+11;1,20707E+11;1,40645E+11;1,34761E+11
Kyrgyz Republic;GDP (current US$);1315246859;1398598485;1415869625;1498578458;1512548598;1554758948;1598596963;1615485748;1689698596;1798548632;1815487589;1854253652;1895684574;1975485624;1985486958;2154898568;2236587485;2358458748;2458548798;2541526854;2675000000;2569444444;2316562500;2028295455;1681006993;1661018519;1827570586;1767864036;1645963750;1249061487;1369688498;1525116370;1605643105;1919008090;2211534585;2460248026;2834168889;3802566171;5139957785;4690062255;4794357795;6197766119;6605139933;7335027592;7468096567;6678178340;6813092066;7702934800;8271108638;8454619608
Lao PDR;GDP (current US$);745241548;798546859;895848589;912536859;956895895;975848598;998548685;1025489859;1125486985;1254869586;1352685489;1425896859;1584856985;1689589845;1757142806;2366666616;1776842041;1087273104;598961269,3;714046821,1;865559856,2;1028087972;1127806945;1327748655;1543606345;1763536305;1873671550;1747011857;1280177839;1454430642;1731198022;1768619058;1758176653;2023324407;2366398120;2735558726;3452882514;4222962988;5443915121;5832915387;7127792630;8749241114;10191350120;11942230508;13268458232;14390442307;15805692546;16853087485;17953786416;18173839128
Lesotho;GDP (current US$);68738625,23;76482102,91;80915831,92;121181556,2;150846210,4;149560513,9;147654093,8;193307267,7;266559337,6;290142517,8;431561376,5;434188034,2;348746822,6;386699308,9;333158476,2;268626912,5;318862888,4;402774852,7;470389179,7;495404888,1;596415104,5;704329192,8;831033941,1;835592802,3;878250450,6;1001889857;946123275,9;997996028,6;928458206;912771290,6;887295267,9;825706961,2;775780697,7;1157832935;1511236656;1682350935;1800105590;1716262753;1758534995;1773199523;2269525782;2622336141;2526185310;2421470022;2499803980;2372280099;2165408362;2405289382;2575892261;2460072444
Liberia;GDP (current US$);119000000;125000000;138000000;145000000;165000000;172000000;187000000;197000000;206000000;214000000;254000000;274000000;289000000;315000000;334000000;359000000;389000000;404000000;414000000;475000000;489000000;510000000;515000000;519000000;648000000;658000000;715000000;789000000;719000000;813000000;874000000;906000000;927000000;748000000;897000000;949000000;1119000000;1373000000;1726000000;1768000000;1998000000;2398000000;2721000000;3067000000;3144000000;3177000000;3277826000;3285455000;3264000000;3070518100
Libya;GDP (current US$);12546854854;13525487985;14525684978;15985485478;16152465847;16898548756;17845896851;18748548975;19185489685;19854897581;20051489842;20258468958;20584587548;21548969859;22541898547;23584785968;24587489695;25545869854;26585485125;27854854896;28901836158;31995012469;33881392045;30657030223;28607921929;25544128199;27884615385;30698633109;27249786142;35976714101;38270206950;34110064452;20481889764;26265625000;33122307692;47334148578;54961936663;67516236338;87140405361;63028320702;74773444901;34699395524;81873662519;65502870174;41142722414;27842131480;26197143268;37883243650;52607888718;52076250948
Lithuania;GDP (current US$);4585487584;4689585125;4875851242;4985685978;5125468549;5548758968;5625362685;5748254185;5896859864;5948758648;5986963652;6059636985;6125487958;6259869856;6325148754;6425894526;6542154896;6795868512;6875485986;6985986954;7015487142;7045846897;7145236849;7254874895;7584985684;7870782261;8385109020;10120274493;11240360898;10972878636;11539211480;12252498921;14278357284;18802576988;22649930576;26125575942;30216060233;39738180077;47850551149;37440673478;37034461707;43466133144;42842537129;46442055804;48526000845;41392396558;43021972485;47750908128;53455170034;54219315600
Luxembourg;GDP (current US$);1509155063;1572310772;1968733022;2701874664;3295861019;3233431611;3544268025;3922895892;4884869092;5711457760;6232005656;5231808670;4764549532;4683697830;4594891581;4738559685;6921264132;8614215559;9750161053;10391504709;13229247948;14321878795;16065740778;16486900187;18325791415;21588170498;21776609772;19731912494;20209122027;22235929043;21263514833;21272418792;23616328816;29557325056;34685281848;37347394603;42414308117;50888134410;55849686539;51370543206;53212476812;60004630234;56677961787;61739352212;66103853237;57744457955;60691483443;64181944723;70919958016;71104919108
Madagascar;GDP (current US$);1111859570;1199507630;1341590682;1653062347;1917508190;2283049233;2181844194;2358930406;2669755116;3463565881;5201818349;4759333970;4784977349;4686457013;3905938481;3802557895;4347989799;3212900561;3189456961;3175638333;3931334871;3254713056;3714967007;4063298919;3522226903;3838101052;4931861239;4262965282;4401967499;4277903780;4629247091;5438332738;5351701534;6372498720;5064732716;5859269849;6395712392;8524620739;10725137478;9616879921;9982711030;11551821062;11578978053;12423557907;12522959157;11323023787;11848615018;13176313233;13853433948;14083906357
Malawi;GDP (current US$);290531621,3;365386929,8;406062874,3;444281703,9;548621017,6;613220652,9;670317634,2;806290840,6;949034016,8;1058269066;1237655461;1237685692;1180104216;1223186840;1208008985;1131347798;1183654828;1183094128;1379924257;1590215583;1880771556;2203545857;1799517082;2070636936;2051896595;2041589658;2281034131;2663234934;1750584265;1775921718;1743506531;1716502862;3495748398;3208837077;3476094499;3655909664;3998020177;4432937046;5321012192;6191127665;6959655571;8004000737;6028487929;5518880769;6047813437;6373212641;5433040160;6303292264;6917301909;7666704427
Malaysia;GDP (current US$);3864170913;4244340334;5043268549;7662996767;9496074114;9298800799;11050125905;13139397879;16358376511;21213672089;24488033442;25004557094;26804401816;30346788438;33943505718;31200161095;27734562640;32181695507;35271880250;38848567631;44024178343;49143148094;59167550163;66894837030;74478356958;88705342903;1,00855E+11;1,00005E+11;72167498981;79148421053;93789736842;92783947368;1,00846E+11;1,10202E+11;1,24749E+11;1,43534E+11;1,62691E+11;1,93548E+11;2,30814E+11;2,02258E+11;2,55017E+11;2,97952E+11;3,14443E+11;3,23277E+11;3,38062E+11;3,01355E+11;3,01255E+11;3,18958E+11;3,58582E+11;3,64702E+11
Maldives;GDP (current US$);19865848,54;22658472,12;23658745,29;27486582,12;29859685,56;31526485,25;35848598,36;38658215,45;39584854,35;41589856,86;42463576,16;44781456,95;47935843,79;57829787,23;109503546,1;127154929,6;141902097,9;141268980,5;168610478,4;189535398,2;215089005,2;244468292,7;284853358,6;322326642,3;355884383,1;398988955;450382328;508223602,4;540096397,6;589239753,6;624337145,3;870179738,6;897031250;1052121055;1226829563;1163362438;1575200391;1868383461;2271646188;2345294875;2588176055;2774351760;2886170572;3295011382;3697351597;4109424800;4379136462;4735989972;5327457150;5729248472
Mali;GDP (current US$);359772363,3;430096738,4;486617332,4;563683660,3;538747268,3;830710615,2;939227993,7;1049838493;1222702356;1595423286;1759690812;1538972158;1333754034;1297765449;1232932008;1392195933;1852163475;2090629723;2169040742;2181821902;2681912030;2724131545;2830673389;2818280876;2081846483;2706425298;2780422212;2697105694;2920358587;3439463140;2954129566;3465305993;3889758024;4703504467;5444474268;6247496491;6905876385;8145694632;9798741074;10190945007;10689167195;12995074801;12441946098;13242680701;14365345530;13104869674;14020002871;15375605992;17172022684;17510141171
Mauritania;GDP (current US$);309405316,1;335569088,7;391669449,3;493237544,4;613010958,1;703378653,4;775046377,6;799029666,6;804629876,8;951900945,2;1047924649;1105495368;1108776010;1165170626;1074373735;1009723326;1186628779;1344665271;1414951854;1450647019;1506914408;2133693478;2164292208;1847350612;1944876755;2091731421;2132081882;2072001067;2032345832;1985924387;1779521110;1746064719;1777058593;2051147607;2362501023;2936019526;4008583968;4328063511;5138471610;4725200358;5628882266;6764635687;6728208836;7223063170;6592537782;6166857629;6398744505;6758390729;7049169771;7593752450
Mexico;GDP (current US$);35520000000;39200000000;45200000000;55280000000;72000000000;88000000000;89025974026;81814159292;1,025E+11;1,34561E+11;2,05139E+11;2,63959E+11;1,84609E+11;1,56159E+11;1,84261E+11;1,9522E+11;1,3455E+11;1,47541E+11;1,81612E+11;2,21401E+11;2,61254E+11;3,13143E+11;3,63158E+11;5,00736E+11;5,27813E+11;3,60074E+11;4,10976E+11;5,00413E+11;5,26502E+11;6,00233E+11;7,07907E+11;7,56706E+11;7,72106E+11;7,29336E+11;7,82241E+11;8,77476E+11;9,75387E+11;1,0527E+12;1,10999E+12;9,00045E+11;1,0578E+12;1,18049E+12;1,20109E+12;1,27444E+12;1,31456E+12;1,17056E+12;1,0779E+12;1,15774E+12;1,2207E+12;1,25829E+12
Moldova;GDP (current US$);798596859;875968594;896859636;915263859;998568457;1056398596;1154896582;1185236521;1196859685;1224584785;1254754852;1298568947;1325214154;1358458521;1458758964;1496859859;1542154874;1574856985;1598548797;1652365214;1674585214;1688549685;1715489652;1785486985;1875489685;1752979926;1695122174;1930081169;1698717505;1170782957;1288429392;1480673594;1661818168;1980907435;2598249556;2988348836;3408244549;4401189466;6054849885;5439422031;6974960345;8414360656;8709165249;9496684701;9510219299;7745231660;8071480541;9669759987;11457410264;11955435457
Mongolia;GDP (current US$);1696365284;1715426589;1796596325;1845875896;1916358965;1975846854;1986596325;2011254896;2056985985;2154859859;2265896895;2310099100;2552401933;2725736633;2098734600;2186505475;2896178867;3020611600;3204461567;3576966800;2560785660;2379018326;1317611864;768401634,2;925817092,2;1452165005;1345719472;1180934203;1124440249;1057408589;1136896124;1267997934;1396555720;1595297356;1992066808;2523471532;3414055566;4234999823;5623216449;4583850368;7189481824;10409797649;12292770631;12582122604;12226514722;11749620620;11186734674;11425755280;13108769496;13852850259
Montenegro;GDP (current US$);421524184,2;498599865,4;514241748,8;541251543,2;589784586,5;695685487,5;715425689,4;754585985,2;798568596,3;821545472,5;889586512,4;894857487,7;985986584,7;854854785,1;785986958,6;658487584,7;515898698,4;485689576,5;415247854,9;435685474,1;489785478,8;498569856,2;512658475,1;598685974,5;632564854,1;698598547,6;785485124,2;896584785,5;936584785,4;915265847,5;984297589,4;1159869246;1284685051;1707710053;2073234418;2257174481;2721903149;3680711744;4545674528;4159330370;4139192053;4538199889;4087725813;4466039315;4594024180;4054712083;4377033429;4856632399;5506766651;5494736901
Morocco;GDP (current US$);3956328426;4356633663;5074117545;6242177798;7675408486;8984824183;9584323309;11049896742;13236854105;15912133569;21728770055;17788171722;17692341358;16251460689;14824728528;14991283216;19462175322;21765261042;25705296184;26314220188;30180108562;32285388165;33711069431;31655473664;35604137423;39030285468;43161452678;39147844526;41806219379;41632027600;38857251336;39459581217;42236836821;52064058834;59626020162;62343022651;68640825481;79041294874;92507257784;92897320376;93216746662;1,0137E+11;98266306615;1,06826E+11;1,10081E+11;1,0118E+11;1,03312E+11;1,09714E+11;1,17921E+11;1,18725E+11
Mozambique;GDP (current US$);1254875489;1352652541;1398569485;1412563521;1458758456;1542635685;1584758542;1685985696;1754685963;1875986985;1985968597;2154584587;2563265214;2685963652;2745163524;2854658754;2958965745;3365894584;3515241578;3965894875;3825451424;3704316975;2644983402;2738413379;2793020801;2900913488;4163397089;4976735802;5613212496;5888561099;5553894130;5311092496;5623299278;6254047514;7589038160;8512116725;9149485071;10423424155;12574681498;11899763735;11087646868;14381552433;16350804543;16974320551;17716084108;15950969019;11936999283;13219084261;14717223207;14934159926
Myanmar;GDP (current US$);1256895856;1425854785;1689586485;1740254514;1854875487;1985696254;2145874584;2352658947;2653568958;2745854214;2845785698;2985689547;3025895874;3256854154;3365265321;3568958954;3856854147;3965859856;4152414784;4458698596;4752145214;4985635214;5124529865;5589658542;5986584751;6154258748;6523512414;6985965842;7154258947;7985485968;8905066164;6477790688;6777632512;10467109978;10567354056;11986972419;14502553710;20182477481;31862554102;36906181381;49540813342;59977326086;59937797559;60269734045;65446199788;67822772707;67184236747;68945867478;76168043982;76085852617
Namibia;GDP (current US$);1385986958;1425425415;1589658947;1754265321;1853568947;1902563584;1952565847;1985896584;2154859865;2256859854;2422096075;2246757386;2116069374;2293990996;1947967886;1605911706;1806223061;2296378835;2491412336;2531519951;2785764518;2992650454;3424733520;3218475900;3636645995;3942478206;3945340776;4102648720;3826527631;3818954448;3833993703;3476452446;3275669889;4811994025;6480441754;7121391946;7835043624;8740865600;8486721917;8876191121;11268186636;12343501808;13042007432;12011207762;12356482878;11272143550;10665634661;12741746434;13454211124;12366527719
Nepal;GDP (current US$);865975308,6;882765471,6;1024098805;972101725;1217953547;1575789254;1452792989;1382400000;1604162497;1851250008;1945916583;2275583317;2395429852;2447174803;2581207388;2619913956;2850784523;2957255380;3487009748;3525228153;3627562403;3921476085;3401211581;3660041667;4066775510;4401104418;4521580381;4918691917;4856255044;5033642384;5494252208;6007055042;6050875807;6330473097;7273938315;8130258041;9043715356;10325618017;12545438605;12854985464;16002656434;18913574371;18851513891;19271168018;20002968838;21410840909;21185922408;25180583770;29173513476;30641380604
Netherlands;GDP (current US$);38164716869;44579122682;54706557264;71840910058;87243413477;1,0025E+11;1,09169E+11;1,27017E+11;1,5586E+11;1,79669E+11;1,95152E+11;1,64134E+11;1,5848E+11;1,53445E+11;1,43913E+11;1,43846E+11;2,00862E+11;2,45046E+11;2,61911E+11;2,58337E+11;3,18331E+11;3,275E+11;3,62963E+11;3,5355E+11;3,7913E+11;4,52302E+11;4,5049E+11;4,16813E+11;4,38008E+11;4,46899E+11;4,16443E+11;4,31213E+11;4,71614E+11;5,78792E+11;6,57172E+11;6,85093E+11;7,33341E+11;8,47482E+11;9,47998E+11;8,68077E+11;8,46555E+11;9,04086E+11;8,38971E+11;8,76924E+11;8,90981E+11;7,65265E+11;7,83528E+11;8,3387E+11;9,14105E+11;9,0907E+11
New Zealand;GDP (current US$);6495605290;7911136757;9567331065;12802281898;13940981798;12861983284;13604832424;15446825318;18530518395;20731243113;23244547385;24417617184;24164603059;24309279706;21665975319;24679795396;30604668357;40376354070;45176811594;43920222525;45495129385;42745329732;41649829860;46775620817;55314732279;63918703507;70140835299;66075143415;56227169851;58762260626;52623281957;53872425917;66627729311;88250885550;1,03905E+11;1,1472E+11;1,11609E+11;1,3732E+11;1,3329E+11;1,21358E+11;1,46619E+11;1,6851E+11;1,76248E+11;1,90846E+11;2,00922E+11;1,77468E+11;1,88224E+11;2,05416E+11;2,07921E+11;2,06929E+11
Nicaragua;GDP (current US$);776585681,1;826571413,4;880842890,1;1093571442;1520900045;1590428523;1847871372;2239857061;2142128604;1527852636;2189347368;2448290110;2465165180;2743341724;3105517091;2683816289;2885710609;3851213728;2630904262;1013184746;1009455484;1488804124;1792800000;1756454248;3863185119;4140470000;4308351903;4389965591;4635267225;4855717875;5107329007;5323146566;5224213018;5322454926;5795568205;6321335612;6763418646;7423367753;8496946608;8298679909;8758639096;9774262742;10531964139;10982979274;11880472593;12756706583;13286048705;13785943183;13063873078;12520915291
Niger;GDP (current US$);649916708,2;693573595,3;742779740,4;946385033;1026136974;1048690933;1064517575;1291457973;1774365275;2109278102;2508524186;2170893039;2017611927;1803099732;1461243212;1440581534;1904097020;2233005823;2280356338;2179567108;3536335228;3309124416;3411197113;2225270608;1947256691;2313555921;2417146611;2297228092;2625049702;2520868603;2238259711;2445079044;2768787377;3387804102;3742134213;4374677877;4743059572;5694717111;7220003603;7278718280;7792421016;8701085756;9366515965;10156855204;10815312544;9667589437;10284627190;11166063887;12826750567;12928145120
Nigeria;GDP (current US$);12545849083;9181769912;12274416018;15162871287;24846641318;27778934625;36308883249;36035407725;36527862209;47259911894;64201788123;1,64475E+11;1,42769E+11;97094911791;73484359521;73745821156;54805852581;52676041931;49648470440;44003061108;54035795388;49118433048;47794925815;27752204320;33833042988;44062465800;51075815093;54457835193;54604050168;59372613486;69448756933;74030364472;95385819321;1,04912E+11;1,36386E+11;1,76134E+11;2,36104E+11;2,75626E+11;3,37036E+11;2,9188E+11;3,6336E+11;4,10335E+11;4,59376E+11;5,14966E+11;5,68499E+11;4,94583E+11;4,0465E+11;3,75745E+11;3,9816E+11;4,4812E+11
North Macedonia;GDP (current US$);1875689452;1915265847;1985689653;2056968597;2104568529;2256986894;2365896854;2451589658;2658598564;2885685487;2896365214;2915689425;2985696582;3056259856;3152658947;3365268547;3412568547;3568959986;3985689584;4158985984;4699646643;4938775510;2436849342;2682456897;3556581986;4680078740;4651453634;3928975904;3756208791;3863743409;3772851420;3709637830;4018365247;4946292775;5682719260;6258600714;6861222332;8336478142;9909548411;9401731496;9407168702;10494632699;9745251126;10817712139;11362272838;10064515432;10672471861;11307058382;12628854801;12694823394
Norway;GDP (current US$);12814123115;14583114840;17358610850;22534253703;27145693810;32877805200;35942270686;41508030431;46523091010;53132244624;64439382896;63596654761;62647195538;61627240831;62057955033;65416879914;78693253276;94230055659;1,019E+11;1,02634E+11;1,19792E+11;1,21872E+11;1,30838E+11;1,20579E+11;1,27131E+11;1,5203E+11;1,6352E+11;1,61357E+11;1,54163E+11;1,62284E+11;1,71247E+11;1,73972E+11;1,95524E+11;2,28859E+11;2,64512E+11;3,08884E+11;3,45581E+11;4,00937E+11;4,6225E+11;3,8619E+11;4,28757E+11;4,98283E+11;5,09506E+11;5,22762E+11;4,9841E+11;3,85802E+11;3,6882E+11;3,98394E+11;4,34167E+11;4,03336E+11
Oman;GDP (current US$);256299496;301010587,1;366857738,4;483033932,1;1645917776;2096699189;2560220035;2741169948;2740301390;3733352635;5981760278;7259120151;7554719456;7932541691;8821366532;10005500579;7323822251;7811183095;8386215865;9372171651;11685045514;11341482445;12452275683;12493107932;12918855657;13802600780;15277763329;15837451235;14085373212;15710148244;19507412224;19452015605;20142782835;21633810143;24763589077;31081924577;37215864759;42085305592;60905331599;48388296489;57048114434;68016905072;76615864759;78784395319;81076462939;68400260078;65481144343;70600000000;79275422627;76983094928
Pakistan;GDP (current US$);10027509450;10665896682;9415016360;6383429490;8899191919;11230606061;13168080808;15126060606;17811515152;19688383838;23654444444;28100606061;30725971564;28691889764;31151825467;31144920844;31899070056;33351529275;38472742808;40171018229;40010423970;45625234698;48884606848;51809949334;52293456906;60636022423;63320122807;62433300338;62191955814;62973855719;82017743416;79484403985;79904985385;91760542940;1,0776E+11;1,20055E+11;1,37264E+11;1,52386E+11;1,70078E+11;1,68153E+11;1,77166E+11;2,13587E+11;2,24384E+11;2,31219E+11;2,44361E+11;2,70556E+11;2,78655E+11;3,04567E+11;3,14568E+11;2,78222E+11
Panama;GDP (current US$);1351006400;1523917200;1673411700;1913793400;2188307600;2435304100;2588106000;2738261900;3244558600;3704551600;4614086400;5222421500;5769767900;5923755900;6183387100;6541517100;6797834200;6827665300;5902783400;5918469800;6433967000;7074675500;8042337700;8782585400;9365289800;9573813700;9870494000;10677286100;11575486400;12130252200;12304115000;12502013400;12994310400;13693981200;15013381700;16374393900;18141666300;21295984200;25155888600;27116635600;29440300000;34686200000;40429700000;45600000000;49921500000;54091700000;57907700000;62219000000;65128200000;66800800000
Papua New Guinea;GDP (current US$);645537126,2;717716130,5;858802035,9;1299105241;1467346060;1356591177;1511856584;1640763204;1947947524;2293621944;2545983008;2498068351;2368584970;2562492525;2552526263;2423373088;2648033766;3143848331;3655979702;3546460177;3219730365;3787394958;4377980510;4974550286;5502786070;4636057476;5155311077;4936615299;3789443015;3477038204;3521339699;3081024212;2999511040;3536411824;3927157867;4865892972;8355006707;9545177014;11670840932;11619637799;14250755231;17984910502;21295659244;21261432791;23210682538;21723531173;20759069103;22742613554;23412495063;24969611435
Paraguay;GDP (current US$);594611111,1;664571428,6;769039682,5;995531746;1333475397;1511420635;1698960317;2092158730;2559857143;3416777778;4448087302;5624515873;5419411765;5673248726;4502462807;3282449236;3723993943;3971044724;4255683528;4757732200;5812114523;6984367763;7157424031;7249533620;7870982005;9062131475;9788391781;9965225678;9260481572;8837070236;8855705140;8495806432;7196260657;7691367471;9624440836;10737500188;13429430050;17856270473;24578067861;22341754514;27215968616;33715524704;33283228891;38585317743;40276532541;36164068797;36054281572;39008900332;40384691791;38145288940
Peru;GDP (current US$);7432223177;8289582884;9189413409;10994381895;13858441211;16877163792;15947709380;14620386674;12495779622;15962459447;18134029180;21649137620;21793496819;17345624454;17599660054;16548827018;15244232958;20702298397;15439408447;22499559086;26410386669;34341465998;35966302303;34832077221;44882079767;53312793687;55252414130;58147522523;55501467877;50187324568;51744749133;52030158775;54777553515;58731030122;66768703498;76060606061;88643193062;1,02171E+11;1,20551E+11;1,20823E+11;1,47529E+11;1,71762E+11;1,92649E+11;2,01175E+11;2,00789E+11;1,89805E+11;1,91896E+11;2,11007E+11;2,22045E+11;2,26848E+11
Philippines;GDP (current US$);6687204834;7408305736;8017468688;10082885603;13781139970;14893969288;17097563270;19648106122;22706155475;27502168727;32450541843;35646416953;37140163934;33212180658;31408492877;30734335449;29868339081;33195933430;37885440419;42575183906;44311593756;45417561302;52976344929;54368083953;64084460124;74119987245;82848140618;82344260571;72207028768;82995145793;83670261708;78921071498;84307369868;87039145965;95001994600;1,0742E+11;1,27653E+11;1,5598E+11;1,81007E+11;1,76132E+11;2,08369E+11;2,34217E+11;2,61921E+11;2,83903E+11;2,97484E+11;3,06446E+11;3,18627E+11;3,28481E+11;3,46842E+11;3,76796E+11
Poland;GDP (current US$);29856956841;30251251421;31926532614;33652642154;37684589651;38864521521;39164521521;39568945621;41256362514;44758692351;49856325684;55364125614;59863625412;61425362154;63526985964;65263526414;68952541521;70526356471;71526548974;78452589654;65977749037;85500935935;94337050693;96045645026;1,10803E+11;1,42137E+11;1,59943E+11;1,59118E+11;1,74388E+11;1,69718E+11;1,71886E+11;1,90521E+11;1,98681E+11;2,17513E+11;2,55102E+11;3,06124E+11;3,44746E+11;4,29061E+11;5,33813E+11;4,39794E+11;4,79321E+11;5,28832E+11;5,00361E+11;5,24234E+11;5,45389E+11;4,77581E+11;4,72037E+11;5,26381E+11;5,87114E+11;5,92164E+11
Portugal;GDP (current US$);8108235007;9201607067;11239117124;15090566639;17512388319;19347608627;20332834218;21439525406;23487613139;26622818852;32896521426;31977275896;30527754541;27239650742;25217969597;27115807154;38745902024;48182925146;56347251114;60594092437;78713859795;89233599833;1,07592E+11;95009751901;99688640942;1,18122E+11;1,2263E+11;1,17017E+11;1,23946E+11;1,27427E+11;1,18311E+11;1,21499E+11;1,34156E+11;1,64862E+11;1,89035E+11;1,9718E+11;2,08582E+11;2,40191E+11;2,62345E+11;2,43702E+11;2,37881E+11;2,44797E+11;2,16237E+11;2,2637E+11;2,29596E+11;1,99314E+11;2,06286E+11;2,21358E+11;2,41275E+11;2,37686E+11
Qatar;GDP (current US$);5547812563;5874621255;5985632548;6152102146;6251325466;6548754896;6645896521;6985458251;7054898562;7154685985;7829094613;8661263764;7596703214;6467582308;6704395824;6153296456;5053021951;5446428681;6038187033;6487912088;7360439423;6883516484;7646153984;7156593654;7374450769;8137911978;9059340385;11297802115;10255495027;12393131868;17759890110;17538461538;19363736264;23533791209;31734065934;44530494505;60882142857;79712087912;1,1527E+11;97798351648;1,25122E+11;1,67775E+11;1,86834E+11;1,98728E+11;2,06225E+11;1,6174E+11;1,51732E+11;1,66929E+11;1,91362E+11;1,83466E+11
Romania;GDP (current US$);18745869541;18745685621;19526368945;19856362541;20956854974;21063652125;22569658694;24152635214;26012536598;27569586412;28564215421;29154265231;29896362512;30658965212;31956263421;33256245814;37458695231;38413636364;40809523810;42105263158;38995454545;28998684211;25121666667;26362894737;30074440483;37435317265;36937074278;35574916295;41694118973;35952781582;37253259017;40394824679;46066101951;57806506024;74972669057;98452791983;1,22023E+11;1,74585E+11;2,14314E+11;1,74104E+11;1,66225E+11;1,83443E+11;1,71196E+11;1,90949E+11;1,99627E+11;1,77893E+11;1,88494E+11;2,11695E+11;2,41627E+11;2,50077E+11
Russian Federation;GDP (current US$);3,42179E+11;3,59626E+11;3,69659E+11;3,75155E+11;3,7459E+11;3,87598E+11;3,97586E+11;3,98597E+11;4,07549E+11;4,0966E+11;4,1257E+11;4,52626E+11;4,78597E+11;4,9857E+11;5,01236E+11;5,09639E+11;5,12541E+11;5,4257E+11;5,54713E+11;5,065E+11;5,16814E+11;5,17963E+11;4,60291E+11;4,35084E+11;3,95077E+11;3,95537E+11;3,91725E+11;4,04929E+11;2,70955E+11;1,95907E+11;2,5971E+11;3,06602E+11;3,4547E+11;4,30348E+11;5,91017E+11;7,64017E+11;9,89931E+11;1,29971E+12;1,66085E+12;1,22264E+12;1,52492E+12;2,04593E+12;2,2083E+12;2,29247E+12;2,05924E+12;1,36348E+12;1,27679E+12;1,5742E+12;1,66958E+12;1,69988E+12
Rwanda;GDP (current US$);219900006;222952578,2;246457838,3;290746157,1;308458423,2;571863295,7;637754162,1;746650558,6;905709147,3;1109346221;1254765350;1407062608;1407242640;1479688126;1587412957;1715625839;1944711061;2157434025;2395493878;2405021933;2550185618;1911600970;2029026704;1971525999;753636370,5;1293535011;1382334879;1851558302;1989343495;1817654508;1734938652;1674685248;1677552332;1846198771;2088961969;2581313486;3330198838;4083515097;5198063011;5694132466;6147525367;6912074082;7687521844;7851127992;8279481015;8582588883;8734161828;9253098954;9627720630;10122472590
Saudi Arabia;GDP (current US$);5377333333;7184853348;9664157499;14947391140;45412957746;46773368206;64005665722;74188249979;80265619485;1,1186E+11;1,64542E+11;1,84292E+11;1,53239E+11;1,29172E+11;1,19625E+11;1,03898E+11;86961922765;85695861148;88256074766;95344459279;1,1763E+11;1,32223E+11;1,37088E+11;1,32968E+11;1,35175E+11;1,43343E+11;1,58662E+11;1,65964E+11;1,46775E+11;1,61717E+11;1,89515E+11;1,84137E+11;1,89606E+11;2,15808E+11;2,58742E+11;3,2846E+11;3,769E+11;4,15965E+11;5,19797E+11;4,29098E+11;5,28207E+11;6,71239E+11;7,35975E+11;7,46647E+11;7,5635E+11;6,5427E+11;6,44936E+11;6,88586E+11;7,86522E+11;7,92967E+11
Senegal;GDP (current US$);1297407829;1339548824;1620857277;1863398448;2099324950;2830388405;2869777812;2938046307;3280354339;4084878668;4435050397;4021697233;3936758682;3512053232;3425127373;3750056424;5304238013;6381385760;6311054901;6219793533;7237100724;7111252866;7602005274;7189226453;4908415369;6176312552;6413189839;5915250258;6368265194;6512207622;5924239701;6174898370;6752510283;8683229268;10167441854;11022821632;11847848225;14285970085;16949789465;16248212852;16230887978;17902207622;17824398469;18965572150;19797254643;17774766636;19040312815;20996564752;23236007428;23578084052
Serbia;GDP (current US$);9698596485;9758696452;9863645875;9985685641;10136526487;10526364784;10956364215;11256968541;11524587458;11856967845;11963652154;12045685621;12289695432;12968596341;13254156842;13362563984;13569263851;13754896521;13985694215;14458769849;14986965231;15136245874;15326894752;15546874894;15986963521;16832627119;21818026071;25676504913;19457979423;19388672126;17485658962;12960538724;17120906918;22482365322;26141969874;27683225959;32482070360;43170990616;52194221469;45162894381;41819468692;49258136129;43309252921;48394238300;47062205547;39628549950;40630392019;44120425320;50597289147;51409167351
Sierra Leone;GDP (current US$);434410373,8;419549425,1;465381090;575230234,4;648590642,9;679335901,1;594895672,3;691777758,4;960728338,9;1109374722;1100685845;1114830472;1295361886;995104305,3;1087471862;856890498,6;814589658,2;701307602,3;1055083945;932974411,9;815489653,2;779981458,9;679997997,6;768812334,8;911915970,7;870758739,4;941742152,7;850218033,6;798564859,2;669384768,9;635874002,2;1090467712;1253340520;1385810072;1448536631;1650494367;1885112202;2158496873;2505458705;2453899847;2578026297;2942546781;3801862611;4920343195;5015157816;4218723875;3674794530;3739577973;4085114794;3941474311
Slovak Republic;GDP (current US$);6609832781;6798237809;6987364857;7789378245;7980967382;8809824783;8978370988;9109843572;9387462098;9478342131;9689324563;9712564387;9980983526;9908674327;10198098921;10698467832;10782365281;10898723532;10987932564;11264378621;12747380523;14272201508;15495514426;16520676622;20162935817;25840146405;27925036755;27706028096;29856000671;30453383763;29169953013;30752150336;35130340674;46816589165;57332015148;62785305310;70708098106;86454081577;1,0047E+11;89046289247;90183986822;98997521242;94416582465;98723944144;1,01171E+11;88457167724;89640616271;95481955558;1,0582E+11;1,05422E+11
Slovenia;GDP (current US$);8843973263;8943729403;9137483092;9609327493;9987364783;9984378762;10987467382;11934759832;12190987483;12586479098;12785473892;13093289713;13389237819;13987309821;14109824871;14387924371;15587326871;15789027638;16879824871;17898536721;18198205508;13263688696;13101056604;13258920423;15049621395;21352223817;21507233003;20763101591;22146232112;22711383652;20289627637;20876309576;23489889975;29634713063;34414784504;36206396344;39481044913;48006373118;55552508715;50368056543;48161250935;51516367350;46580457470;48401896410;49930685013;43090173062;44651537260;48561672401;54034358544;53742159517
Solomon Islands;GDP (current US$);49837432,44;50056882,82;40606712,05;55272108,84;84539332,28;74617096,48;83099107,91;93147039,25;111022090;151270207,9;168715353,1;187313261,3;188446092,1;180219397,5;252806783,4;232306861,2;210737869,7;238606299,6;310684273,7;332286760,9;302515026,9;320355090,6;378778047,2;410923236,2;464756638,5;519334096,7;565163750,6;567919502,8;471177008,1;482214092,3;435103853,5;400463452,1;341661643,6;332738245,9;375111894,9;413909879,3;456705434;516074229;608229326,7;597765363,1;681151193,5;932725583,3;1063879446;1129787198;1172268301;1154650069;1230459714;1309631133;1395608475;1425074226
South Africa;GDP (current US$);18418392640;20333691315;21357435928;29295674713;36807721039;38114542813;36603349968;40651349965;46739449959;57645721016;82980483391;85454420504;78423059791;87415851379;77344092904;59082638803;67521602553;88573697222;95176640968;99030856825;1,15552E+11;1,23943E+11;1,34545E+11;1,34308E+11;1,39753E+11;1,55461E+11;1,47606E+11;1,52587E+11;1,37775E+11;1,36632E+11;1,36361E+11;1,21515E+11;1,15482E+11;1,75257E+11;2,2859E+11;2,57773E+11;2,71638E+11;2,99416E+11;2,8677E+11;2,95936E+11;3,75349E+11;4,16419E+11;3,96333E+11;3,66829E+11;3,50905E+11;3,17621E+11;2,96357E+11;3,49554E+11;3,68289E+11;3,51432E+11
Spain;GDP (current US$);40992995959;46619420120;59132415739;78639527127;97274005192;1,14777E+11;1,18507E+11;1,32449E+11;1,606E+11;2,14602E+11;2,32767E+11;2,02808E+11;1,95997E+11;1,70951E+11;1,72103E+11;1,80793E+11;2,51321E+11;3,18748E+11;3,7616E+11;4,14757E+11;5,36559E+11;5,77166E+11;6,30916E+11;5,25076E+11;5,30563E+11;6,14609E+11;6,42589E+11;5,90077E+11;6,19215E+11;6,34693E+11;5,96878E+11;6,27287E+11;7,05394E+11;9,05492E+11;1,06709E+12;1,15329E+12;1,25934E+12;1,47213E+12;1,62522E+12;1,48558E+12;1,42072E+12;1,47877E+12;1,32482E+12;1,35476E+12;1,3694E+12;1,19512E+12;1,23208E+12;1,31255E+12;1,41974E+12;1,39412E+12
Sri Lanka;GDP (current US$);2296470588;2369308600;2553936348;2875625000;3574586466;3791298146;3591319857;4104509583;2733183857;3364611432;4024621900;4415844156;4768765017;5167913302;6043474843;5978460972;6405210564;6682167120;6978371581;6987267684;8032551173;9000362582;9703011636;10338679636;11717604209;13029697561;13897738375;15091913884;15794972847;15656327860;16330814180;15749753805;16536535647;18881765437;20662525941;24405791045;28279814925;32350248411;40713812310;42066217872;56725749222;65292753005;68434409315;74317806538;79356449841;80604080689;82401038710;87428125558;88425889592;84008783756
Sudan;GDP (current US$);2437666667;2656000000;2882000000;3571666667;4595000000;5598000000;6979333333;8704000000;7670500000;9032250000;7459833333;10016500000;9240000000;8230153846;9701357143;12403733333;15769062500;20155555556;15399166667;15291507937;12408647541;11379222222;7034219713;8881785938;12794192334;13829744879;9018243044;11681494637;11250327988;10682045258;12257418326;13182979784;14803189093;17646503525;21457470203;26524538566;35822408612;45898948564;54526580232;49957202646;61739815527;57891984840;52766720139;57730424385;64941775065;74294471279;51772232495;45379127306;26078607539;18902284476
Suriname;GDP (current US$);274900000;301000000;311950000;339450000;409850000;465500000;505500000;641500000;735500000;782500000;795000000;889000000;915000000;883500000;864000000;873000000;891000000;980000000;1161000000;542600000;388400000;448100000;404600000;428764705,9;605492537,3;691590497,7;861411471,3;926422500;1110850000;886290697,7;947671969,7;834279357,8;1093574468;1274190311;1484092538;1793388732;2626380435;2936612022;3532969035;3875409836;4368398048;4422276622;4980000000;5145757576;5240606061;4787367928;3128953537;3210064506;3458090452;3985250737
Sweden;GDP (current US$);38092452022;41566412923;48954145851;59404966707;66013338942;82885397596;89362071673;94468740785;1,04442E+11;1,23386E+11;1,42092E+11;1,29687E+11;1,14381E+11;1,05014E+11;1,09201E+11;1,14124E+11;1,50498E+11;1,8301E+11;2,06987E+11;2,17948E+11;2,61846E+11;2,74229E+11;2,84321E+11;2,12953E+11;2,29034E+11;2,67306E+11;2,91744E+11;2,68146E+11;2,70809E+11;2,74072E+11;2,62835E+11;2,42396E+11;2,66849E+11;3,34337E+11;3,85118E+11;3,92218E+11;4,23093E+11;4,91253E+11;5,17706E+11;4,36537E+11;4,95813E+11;5,74094E+11;5,52484E+11;5,86842E+11;5,81964E+11;5,05104E+11;5,15655E+11;5,41019E+11;5,55455E+11;5,30833E+11
Switzerland;GDP (current US$);24274075006;29170150923;35777236928;48114943567;55449199174;63570059117;66493313570;71017619472;99318234340;1,1164E+11;1,19008E+11;1,08994E+11;1,11711E+11;1,11314E+11;1,06285E+11;1,07766E+11;1,54482E+11;1,93466E+11;2,09298E+11;2,02079E+11;2,58067E+11;2,61114E+11;2,71814E+11;2,64353E+11;2,92647E+11;3,42617E+11;3,30092E+11;2,86519E+11;2,95045E+11;2,89912E+11;2,72055E+11;2,78631E+11;3,01417E+11;3,52915E+11;3,94164E+11;4,08689E+11;4,30921E+11;4,79913E+11;5,54363E+11;5,41507E+11;5,83783E+11;6,9958E+11;6,68044E+11;6,88504E+11;7,09183E+11;6,79832E+11;6,71309E+11;6,7995E+11;7,05141E+11;7,03082E+11
Syrian Arab Republic;GDP (current US$);2140383696;2589851693;3059682162;3239488105;5159557176;6826980767;7633528921;7696011360;9275203106;9929682184;13062421025;15518199247;16298905397;17589184557;17503082982;16403544511;13293209270;11356215713;10577042355;9853396226;12308624284;12981833333;13253565899;13695962019;10122020000;11396706587;13789560878;14505233969;15200846138;15873875969;19325894913;21099833784;21582248882;21828144686;25086930693;28858965517;33332844575;40405006007;39854562145;34152635214;29545865841;27451256325;22140526894;20124578451;19586523154;18542152012;17452632512;15632541287;14265325614;13562521457
Tanzania;GDP (current US$);2098347829;2138439742;2378437902;2543890389;2638730983;2783909237;2983478493;2903849823;3092478327;3142743892;3398473120;3628943782;3749098324;3984217832;4123748374;4487398473;4732647893;4989364732;5100405772;4420168102;4258743263;4956588279;4601413264;4257702197;4510846968;5255221425;6496195451;7683852497;12270448700;12711213451;13375976354;13581644246;14142035080;15224257698;16675948415;18399046025;18649590248;21843529025;27941177435;29081425282;32014249841;34657139495;39650530214;45680532614;49964788814;47378599025;49774021003;53320625959;58001200572;63177068175
Thailand;GDP (current US$);7086538438;7375000024;8177884553;10838587358;13703000530;14882747955;16985211146;19779315170;24006570178;27371699083;32353440727;34846107862;36589797857;40042826244;41797592963;38900692712;43096746122;50535438696;61667199835;72250877410;85343063966;98234695722;1,11453E+11;1,28889E+11;1,46683E+11;1,69279E+11;1,83035E+11;1,50181E+11;1,13676E+11;1,26669E+11;1,26392E+11;1,20296E+11;1,34301E+11;1,52281E+11;1,72896E+11;1,89319E+11;2,21758E+11;2,62942E+11;2,91383E+11;2,8171E+11;3,41105E+11;3,70819E+11;3,97558E+11;4,20333E+11;4,07339E+11;4,01296E+11;4,1343E+11;4,56295E+11;5,06514E+11;5,4365E+11
Togo;GDP (current US$);253976626,2;286537525;335677636,9;406479906,2;560437742,6;617321669,4;619375134,2;777435020,5;824263841,5;891775906,6;1136408814;962347001;821651918,7;765746590,6;718148959,6;762359722,7;1060911735;1249099130;1378847487;1352949663;1628427515;1602299863;1692959110;1233496846;982624324,5;1309382885;1465448290;1498950899;1587345951;1576094566;1488185772;1481141850;1698678686;2111093198;2255942249;2280575830;2349495621;2659095101;3310277927;3365711796;3429461495;3872459250;3873308389;4321655656;4574986537;4180866177;4486979198;4819949975;5356344850;5459979417
Tonga;GDP (current US$);15438743,77;17430987,99;19837643,32;21873546,78;29873456,78;32506741,72;30036416,96;34139387,89;41567471,67;44667002,01;53260077,43;62242013,33;62068161,07;60863963,96;64248354,54;60058663,31;68195855,61;81667133,45;106657267,4;106344855;113563821,6;132201141,4;137066290,6;138489884,4;193775943;202547013,9;219583570,1;212155124,7;188686997,3;196686674,7;202363492,2;181244788,5;182737040,1;202543202;229358214,8;262176133,7;294137737,1;300143056,9;349484427,6;318166562,8;369485198,8;423011844,3;472358251,2;450686353,7;443911052,3;435438217,3;401109307,4;430174168,7;450353313,9;4625156325
Trinidad and Tobago;GDP (current US$);821850000;896754316,7;1083381044;1308799459;2042031901;2442667573;2500410584;3138666667;3562333458;4602416625;6235833333;6992083333;8140416667;7763750000;7757083333;7375918367;4794444444;4797777778;4496852073;4323058824;5068000000;5307905882;5439552941;4669488516;4947205860;5329214163;5759537726;5737751332;6043694330;6808982521;8154338233;8824873259;9008273721;11305459802;13280275123;15982282462;18369361094;21641620050;27871587350;19172165226;22157948396;25433011405;25763220107;27268478565;27615843098;25062893969;22284780327;22474828527;23808146748;24100202834
Tunisia;GDP (current US$);1439238095;1685217059;2237476420;2730787476;3545933562;4328610490;4507929104;5109324009;5968044210;7188191882;8744134354;8428513568;8133401050;8350176783;8254891864;8410185740;9018136020;9696271268;10096292842;10102075213;12290568182;13074782609;15497286296;14608946896;15632463424;18030876599;19587322786;20746360430;21803372267;22943685719;21473188882;22066101341;23142294436;27453084983;31183139301;32273007554;34378437265;38908069299;44856586316;43454935940;44050929160;45810626509;45044112939;46251061734;47632326088;43173480832;41801210428;39802430355;39770297329;38797709924
Turkey;GDP (current US$);17086956522;16256619964;20431095406;25724381625;35599913836;44633707243;51280134554;58676813687;65147022486;89394085658;68789289566;71040020140;64546332581;61678280115;59989909458;67234948265;75728009963;87172789528;90852814005;1,07143E+11;1,50676E+11;1,50028E+11;1,58459E+11;1,8017E+11;1,3069E+11;1,69486E+11;1,81476E+11;1,89835E+11;2,75769E+11;2,55884E+11;2,72979E+11;2,00252E+11;2,38428E+11;3,11823E+11;4,04787E+11;5,01416E+11;5,52487E+11;6,7577E+11;7,64336E+11;6,4464E+11;7,71902E+11;8,32524E+11;8,73982E+11;9,50579E+11;9,34186E+11;8,59797E+11;8,63722E+11;8,52677E+11;7,7135E+11;7,54412E+11
Uganda;GDP (current US$);1260084034;1417787115;1491596639;1702521008;2100142653;2359555556;2447300000;2936470588;2420260870;2139025000;2124589658;2098568458;2177500000;2240333333;3615647477;3519666339;3923232122;6269511615;6508931652;5276480986;4304398866;3321729057;2857457860;3220439044;3990430447;5755818947;6044585327;6269333313;6584815847;5998563258;6193246837;5840503869;6178563591;6336696289;7940362799;9013834373;9942597780;12292813603;14239026630;24924179656;26457287918;27646526402;27084639297;28681464765;32348119639;32124730771;28967460677;30756466548;32772824209;34387229486
Ukraine;GDP (current US$);37289347821;39823748329;41092384732;44783982093;47320938749;49972839201;51093782937;53098367483;55498357820;57364098237;59934680937;60198378293;60937842673;61263903782;66238746783;67384798242;69837643782;64087694038;74703517903;82709161099;81456918679;77464561150;73942235330;65648559903;52549555149;48213868178;44558077827;50150399792;41883241472;31580639045;31261527363;37972301335;42351593887;50084197498;64819702952;86057915585;1,07648E+11;1,4258E+11;1,79817E+11;1,17113E+11;1,36013E+11;1,6316E+11;1,75781E+11;1,8331E+11;1,33503E+11;91030959455;93355993629;1,1219E+11;1,30902E+11;1,53781E+11
United Arab Emirates;GDP (current US$);10325689321;10937843762;11735609231;12749837642;13786438762;14720672507;19213022691;24871775165;23775831783;31225463218;43598748449;49333424135;46622718605;42803323345;41807954236;40603650232;33943612095;36384908744;36275674203;41464995914;50701443748;51552165622;54239171888;55625170253;59305093980;65743666576;73571233996;78839008445;75674336283;84445473111;1,04337E+11;1,03312E+11;1,09816E+11;1,24346E+11;1,47824E+11;1,80617E+11;2,22117E+11;2,57916E+11;3,15475E+11;2,53547E+11;2,89787E+11;3,50666E+11;3,74591E+11;3,90108E+11;4,03137E+11;3,58135E+11;3,57045E+11;3,85606E+11;4,22215E+11;4,21142E+11
United Kingdom;GDP (current US$);1,30672E+11;1,48114E+11;1,69965E+11;1,92538E+11;2,06131E+11;2,41757E+11;2,32615E+11;2,63066E+11;3,35883E+11;4,38994E+11;5,64948E+11;5,40766E+11;5,15049E+11;4,89618E+11;4,61487E+11;4,89285E+11;6,01453E+11;7,45163E+11;9,10123E+11;9,26885E+11;1,09317E+12;1,1428E+12;1,17966E+12;1,06139E+12;1,14049E+12;1,34158E+12;1,41536E+12;1,55908E+12;1,65017E+12;1,6824E+12;1,65782E+12;1,64025E+12;1,78447E+12;2,05302E+12;2,41693E+12;2,53868E+12;2,71375E+12;3,10088E+12;2,92267E+12;2,41091E+12;2,47524E+12;2,65931E+12;2,70489E+12;2,78602E+12;3,0638E+12;2,92859E+12;2,69428E+12;2,66623E+12;2,86067E+12;2,82711E+12
United States;GDP (current US$);1,0733E+12;1,16485E+12;1,27911E+12;1,42538E+12;1,54524E+12;1,6849E+12;1,87341E+12;2,08183E+12;2,3516E+12;2,62733E+12;2,85731E+12;3,20704E+12;3,34379E+12;3,63404E+12;4,03761E+12;4,33898E+12;4,57963E+12;4,85522E+12;5,23644E+12;5,64158E+12;5,96314E+12;6,15813E+12;6,52033E+12;6,85856E+12;7,28724E+12;7,63975E+12;8,07312E+12;8,57755E+12;9,06282E+12;9,63066E+12;1,02523E+13;1,05818E+13;1,09364E+13;1,14582E+13;1,22137E+13;1,30366E+13;1,38146E+13;1,44519E+13;1,47128E+13;1,44489E+13;1,49921E+13;1,55426E+13;1,6197E+13;1,67848E+13;1,75217E+13;1,82193E+13;1,87072E+13;1,94854E+13;2,05802E+13;2,14277E+13
Uruguay;GDP (current US$);2137096774;2807258065;2189418001;3964295673;4090209682;3538283322;3667161241;4114667063;4910257283;7181185278;10163020116;11048335541;9178802163;5102281256;4850241442;4732017873;5880112788;7367494080;8213515459;8438951476;9298839655;11205971155;12878199881;15002106518;17474647792;19297663097;20515543039;23969823010;25385928198;23983945191;22823255802;20898788417;13606494599;12045631093;13686329890;17362857684;19579457966;23410572634;30366213119;31660911277;40284481652;47962439304;51264390116;57531233351;57236013086;53274304222;52687612262;59530088536;59596885023;56045912952
Uzbekistan;GDP (current US$);5547389782;5847389023;6109374287;6589437283;7109837243;7483984683;7857409382;8326749837;8948739872;9109374893;9328740938;9937489873;10198437829;10327843792;10947839823;11438293784;11938723947;12634893272;12937428932;13198273642;13360607918;13677622222;12941297376;13099013836;12899156991;13350468917;13948892216;14744603774;14988971211;17078465982;13760513969;11401421329;9687788513;10134453435;12030023548;14307509839;17330833853;22311393928;29549438884;33689223673;46679875794;56516280748;63628854499;68997168338;76658542757;81847410182;81779012351;59159945321;50392607758;57921286440
Venezuela, RB;GDP (current US$);11561111111;12986590909;13977727273;17035581395;26100930233;27464651163;31419534884;36210697674;39316279070;48310930233;59116511628;66327441860;67736744186;67556279070;60010285714;61965466667;60391604938;48029034483;60226413793;43526253602;48598315565;53476971831;60401798246;60065011013;58418666667;77407726244;70543211119;85843534589;91331203433;97976886247;1,17141E+11;1,22904E+11;92893587734;83620628582;1,12453E+11;1,4551E+11;1,83478E+11;2,30364E+11;3,15953E+11;3,29788E+11;3,93192E+11;3,16482E+11;3,81286E+11;3,71005E+11;4,82359E+11;5,12565E+11;5,58485E+11;5,64855E+11;5,84575E+11;6,12521E+11
Vietnam;GDP (current US$);8309847683;8736748903;9109873672;9327834785;9837483298;9903748372;10198376821;10398427672;11898326478;12748909832;13746387921;11038742683;13247648932;17836473827;27384763892;14094687821;26336616250;36658108850;25423812649;19846589568;15489685985;9613369520;9866990236;13180953598;16286433533;20736164459;24657470575;26843700442;27209602050;28683659007;31172518403;32685198735;35064105501;39552513316;45427854693;57633255618;66371664817;77414425532;99130304099;1,06015E+11;1,15932E+11;1,35539E+11;1,5582E+11;1,71222E+11;1,86205E+11;1,93241E+11;2,05276E+11;2,2378E+11;2,45214E+11;2,61921E+11
Yemen, Rep.;GDP (current US$);2093287123;2273283762;2437892378;2632832198;2783189232;2983743829;3092832178;3243782372;3632763829;3674382738;3872467389;3984278394;4039842783;4137283674;4458937483;4873983782;4983746832;5069378439;5167238749;5527653789;5647119229;5930370370;6463649985;6158498564;5948658956;5514896586;5785685311;6838557384;6325141676;7641102523;9652436180;9861560095;10694628092;11777966673;13872791659;16746344766;19061978586;21650532264;26910851362;25130274124;30906749533;32726417212;35401341663;40415235702;43206469767;36976204506;28084676409;24561327989;27591261663;28541251563
Zambia;GDP (current US$);1825285714;1687000000;1910714286;2268714286;3121833333;2618666667;2746714286;2483000000;2813375000;3325500000;3829500000;3872666667;3994777778;3216307692;2739444444;2281258065;1661948718;2269894737;3713614458;3998637681;3285217391;3378882353;3181921788;3273237853;3656647744;3807067122;3597220962;4303281932;3537683046;3404311977;3600683040;4094480988;4193845678;4901839731;6221077675;8331870169;12756858899;14056957976;17910858638;15328342304;20265559484;23459515276;25503060420;28045512871;27150646909;21243347377;20954761767;25868142077;27005238896;23064722446
Zimbabwe;GDP (current US$);1884206300;2178716300;2677729400;3309353600;3982161400;4371300700;4318372000;4364382100;4351600500;5177459400;6678868200;8011373800;8539700700;7764067000;6352125900;5637259300;6217523700;6741215100;7814784100;8286322700;8783816700;8641481700;6751472200;6563813300;6890675000;7111270700;8553146600;8529571600;6401968200;6858013100;6689957600;6777384700;6342116400;5727591800;5805598400;5755215200;5443896500;5291950100;4415702800;9665793300;12041655200;14101920300;17114849900;19091020000;19495519600;19963120600;20548678100;22040902300;24311560500;21440758800
