,China,India,United States,Indonesia,Pakistan,Brazil,Nigeria,Bangladesh,Russian Federation,Mexico,Japan,Ethiopia,Philippines,"Egypt, Arab Rep.",Vietnam,"Congo, Dem. Rep.",Germany,Thailand,France,United Kingdom,Tanzania,South Africa,Italy,Kenya,Myanmar,"Korea, Rep.",Colombia,Spain,Uganda,Argentina,Canada,Poland,Morocco,Saudi Arabia,Uzbekistan,Angola,Peru,Australia,Ecuador,Netherlands,Senegal,Guatemala,Cuba,Uruguay,Finland,Singapore,Slovak Republic,Norway,Oman,Liberia,Costa Rica,Botswana,Chile
1960-01-01,43.725,41.422,69.77073170731711,46.663999999999994,45.299,54.143,36.976,45.379,66.0552926829268,57.077,67.6660975609756,38.419000000000004,61.105,48.042,59.038999999999994,41.098,69.3100243902439,54.701,69.86829268292679,71.12682926829271,43.6,48.406000000000006,69.1239024390244,46.76,42.381,55.4155365853659,57.269,69.1092682926829,44.358999999999995,65.055,71.1331707317073,67.6804878048781,48.458,45.638000000000005,58.835,37.524,48.012,70.8170731707317,52.982,73.3926829268293,38.223,46.702,63.833999999999996,67.783,68.819756097561,65.6598292682927,69.92365853658539,73.549756097561,42.672,34.264,60.381,49.178999999999995,57.218999999999994
1961-01-01,44.051,42.027,70.27073170731711,47.276,46.196999999999996,54.63399999999999,37.431,45.97,66.5970243902439,57.668,68.31,39.082,61.50899999999999,48.608999999999995,59.72,41.312,69.508,55.233000000000004,70.1170731707317,70.87804878048779,43.858999999999995,48.777,69.760243902439,47.417,42.961000000000006,56.0149756097561,57.813,69.4804878048781,44.955,65.176,71.3460975609756,67.7780487804878,48.88,46.145,59.21,37.811,48.628,70.9731707317073,53.547,73.6526829268293,38.38,47.218999999999994,64.446,68.007,68.8441463414634,66.0871951219512,70.2508536585366,73.55048780487809,43.498999999999995,34.56,61.018,49.684,57.61600000000001
1962-01-01,44.783,42.637,70.119512195122,47.876999999999995,47.059,55.13,37.871,46.556999999999995,67.0214146341464,58.193000000000005,68.5948780487805,39.711,61.86,49.13399999999999,60.387,41.528999999999996,69.6915365853659,55.745,70.31463414634149,70.9268292682927,44.121,49.141999999999996,69.149756097561,48.058,43.567,56.5123170731707,58.32899999999999,69.5190243902439,45.558,65.26899999999999,71.3670731707317,67.4268292682927,49.306999999999995,46.665,59.589,38.113,49.224,70.9424390243903,54.098,73.32390243902441,38.461999999999996,47.75,65.066,68.19800000000001,68.5778048780488,66.432243902439,70.47229268292679,73.4480487804878,44.31100000000001,34.911,61.638000000000005,50.17100000000001,58.031000000000006
1963-01-01,45.972,43.251999999999995,69.91707317073171,48.468,47.88399999999999,55.626999999999995,38.291,47.126000000000005,67.3399024390244,58.656000000000006,69.65804878048779,40.29,62.16,49.628,61.02,41.755,69.8596097560976,56.231,70.51463414634149,70.8268292682927,44.393,49.50899999999999,69.24804878048779,48.674,44.215,56.9706097560976,58.825,69.6812195121951,46.162,65.348,71.3807317073171,68.3756097560976,49.738,47.207,59.968999999999994,38.43,49.792,70.91170731707321,54.635,73.33707317073171,38.477,48.295,65.695,68.347,69.0126829268293,66.7008048780488,70.59492682926829,73.0775609756098,45.11,35.321999999999996,62.236000000000004,50.641000000000005,58.467
1964-01-01,47.592,43.873000000000005,70.1658536585366,49.051,48.67,56.121,38.691,47.648999999999994,67.566512195122,59.068999999999996,70.1324390243903,40.81,62.411,50.101000000000006,61.581,41.995,70.0137073170732,56.692,70.66341463414629,71.62439024390241,44.681999999999995,49.888000000000005,70.3117073170732,49.261,44.907,57.44092682926829,59.308,70.399756097561,46.755,65.426,71.7763414634146,68.6292682926829,50.168,47.781000000000006,60.348,38.76,50.333999999999996,70.88097560975609,55.158,73.7041463414634,38.449,48.856,66.327,68.455,69.2209756097561,66.9102195121951,70.63278048780491,73.5958536585366,45.896,35.796,62.806999999999995,51.099,58.927
1965-01-01,49.549,44.5,70.2146341463415,49.629,49.42,56.61,39.071999999999996,48.05,67.7188536585366,59.446999999999996,70.20195121951221,41.266999999999996,62.618,50.545,61.963,42.257,70.1518292682927,57.133,70.8121951219512,71.62439024390241,44.99100000000001,50.284,70.1717073170732,49.821000000000005,45.63,57.9682926829268,59.784,70.8092682926829,47.32,65.518,71.8721951219512,69.42926829268289,50.593,48.408,60.723,39.102,50.872,70.850243902439,55.669,73.56878048780491,38.407,49.434,66.956,68.521,68.9778048780488,67.0858048780488,70.6033658536585,73.7231707317073,46.665,36.324,63.348,51.547,59.415
1966-01-01,51.696000000000005,45.136,70.2121951219512,50.208,50.13399999999999,57.091,39.442,48.236000000000004,67.812512195122,59.806999999999995,70.9865853658537,41.668,62.784,50.945,62.037,42.549,70.2714146341463,57.565,70.9609756097561,71.5731707317073,45.321000000000005,50.705,70.92609756097559,50.364,46.357,58.575170731707296,60.257,71.0551219512195,47.839,65.64,72.0043902439024,69.8268292682927,51.00899999999999,49.107,61.089,39.454,51.431999999999995,70.819512195122,56.174,73.5129268292683,38.385999999999996,50.032,67.57300000000001,68.554,69.4770731707317,67.2559512195122,70.525243902439,73.9953658536585,47.413000000000004,36.895,63.861999999999995,51.99100000000001,59.931000000000004
1967-01-01,53.847,45.778999999999996,70.5609756097561,50.788999999999994,50.812,57.563,39.809,48.176,67.86014634146339,60.165,71.2765853658537,42.026,62.915,51.292,61.766999999999996,42.868,70.374,57.998000000000005,71.1609756097561,72.12439024390241,45.668,51.148,70.9565853658537,50.902,47.055,59.241463414634104,60.729,71.25292682926829,48.297,65.796,72.2078048780488,69.4243902439024,51.413000000000004,49.888000000000005,61.442,39.813,52.038000000000004,70.8692682926829,56.676,73.80414634146341,38.424,50.646,68.171,68.567,69.6665853658537,67.44573170731711,70.4185365853659,74.0665853658537,48.141000000000005,37.491,64.358,52.435,60.474
1968-01-01,55.843,46.428000000000004,69.9512195121951,51.373999999999995,51.457,58.025,40.184,47.888000000000005,67.87434146341461,60.536,71.61121951219509,42.355,63.016999999999996,51.592,61.18600000000001,43.208,70.4650975609756,58.442,71.30975609756099,71.7243902439025,46.028,51.615,70.78,51.446000000000005,47.698,59.944609756097606,61.201,71.5378048780488,48.687,65.98899999999999,72.3534146341463,70.21951219512201,51.808,50.751000000000005,61.778999999999996,40.178000000000004,52.702,70.9190243902439,57.181000000000004,73.6126829268293,38.558,51.266999999999996,68.744,68.575,69.6163414634146,67.6737317073171,70.3068292682927,73.9419512195122,48.858000000000004,38.099000000000004,64.847,52.885,61.044
1969-01-01,57.603,47.081,70.5073170731708,51.963,52.07,58.475,40.569,47.431999999999995,67.8671219512195,60.931999999999995,71.83878048780491,42.659,63.097,51.865,60.383,43.563,70.5506829268293,58.903999999999996,71.4585365853659,71.7219512195122,46.398999999999994,52.106,70.81195121951221,51.998000000000005,48.278999999999996,60.675024390243905,61.675,71.0575609756098,49.005,66.219,72.50146341463409,69.71951219512201,52.195,51.692,62.097,40.546,53.42,70.9687804878049,57.69,73.539512195122,38.816,51.888999999999996,69.29,68.58800000000001,69.5034146341464,67.9510731707317,70.2057073170732,73.66341463414629,49.574,38.714,65.339,53.346000000000004,61.637
1970-01-01,59.085,47.736999999999995,70.8073170731707,52.553000000000004,52.648999999999994,58.911,40.971000000000004,46.942,68.1336585365854,61.361999999999995,71.950243902439,42.943999999999996,63.155,52.146,59.563,43.915,70.63978048780491,59.385,71.65853658536591,71.9731707317073,46.784,52.62,71.55878048780491,52.556999999999995,48.79600000000001,62.1634146341463,62.152,72.0273170731707,49.251000000000005,66.483,72.7004878048781,69.86829268292679,52.571999999999996,52.703,62.391999999999996,40.914,54.174,71.01853658536591,58.203,73.5856097560976,39.227,52.501000000000005,69.809,68.616,70.179512195122,68.2794146341463,70.134243902439,74.0880487804878,50.31,39.338,65.844,53.824,62.254
1971-01-01,60.303000000000004,48.398,71.1073170731707,53.14,53.192,59.332,41.391999999999996,46.589,68.3765853658537,61.82899999999999,72.8829268292683,43.213,63.19,52.479,58.98,44.247,70.7428780487805,59.887,71.9073170731707,72.2731707317073,47.188,53.157,71.8068292682927,53.118,49.258,62.612195121951196,62.629,71.630243902439,49.43,66.774,73.0292682926829,69.6121951219512,52.94,53.771,62.66,41.282,54.935,71.0682926829268,58.718,73.809512195122,39.814,53.091,70.306,68.664,70.0175609756098,68.6504634146342,70.0994878048781,74.1792682926829,51.086999999999996,39.98,66.378,54.327,62.895
1972-01-01,61.343999999999994,49.06100000000001,71.1560975609756,53.72,53.699,59.739,41.82899999999999,46.507,68.3085365853659,62.327,73.5065853658537,43.465,63.202,52.894,58.826,44.545,70.867,60.403999999999996,72.1073170731707,72.12439024390241,47.608999999999995,53.713,72.0753658536586,53.674,49.68600000000001,63.009756097560995,63.105,72.8180487804878,49.558,67.078,72.93390243902441,70.66585365853659,53.305,54.872,62.903,41.65,55.67100000000001,71.4575609756098,59.232,73.7270731707317,40.562,53.652,70.78699999999999,68.732,70.7073170731707,69.0429024390244,70.0989268292683,74.34463414634149,51.92,40.65,66.943,54.853,63.555
1973-01-01,62.281000000000006,49.722,71.35609756097558,54.288000000000004,54.17100000000001,60.132,42.276,46.773,68.2946341463415,62.845,73.7575609756097,43.693000000000005,63.196999999999996,53.408,59.203,44.803999999999995,71.0166829268293,60.928999999999995,72.35609756097558,72.3243902439024,48.04,54.281000000000006,72.0263414634146,54.218,50.098,63.4073170731707,63.578,72.6107317073171,49.65,67.383,73.1626829268293,70.66341463414629,53.676,55.981,63.125,42.016000000000005,56.36,71.84682926829271,59.745,74.14390243902442,41.445,54.181000000000004,71.255,68.82300000000001,71.2236585365854,69.4403170731707,70.12507317073171,74.4421951219512,52.81100000000001,41.346000000000004,67.541,55.398,64.23100000000001
1974-01-01,63.13399999999999,50.373999999999995,71.95609756097559,54.843,54.613,60.513000000000005,42.729,47.396,68.320243902439,63.378,74.39390243902442,43.894,63.185,54.021,60.111999999999995,45.026,71.1954146341463,61.458999999999996,72.60487804878049,72.5243902439024,48.472,54.856,72.7343902439025,54.748999999999995,50.503,63.8048780487805,64.047,72.969756097561,49.715,67.686,73.2375609756098,71.1170731707317,54.066,57.078,63.332,42.373999999999995,56.994,72.2360975609756,60.258,74.5368292682927,42.442,54.676,71.707,68.941,71.1348780487805,69.8347804878049,70.1759024390244,74.7536585365854,53.76,42.06100000000001,68.17,55.957,64.917
1975-01-01,63.915,51.012,72.60487804878049,55.386,55.028,60.88399999999999,43.187,48.313,67.7239024390244,63.922,75.0573170731707,44.044,63.183,54.717,61.446000000000005,45.222,71.4017317073171,61.985,72.85365853658541,72.7243902439024,48.887,55.428000000000004,72.6473170731708,55.273,50.907,64.1536585365854,64.518,73.31878048780491,49.769,67.985,73.52170731707321,70.5609756097561,54.492,58.148,63.53,42.721000000000004,57.575,72.6253658536586,60.773999999999994,74.49878048780491,43.521,55.14,72.138,69.089,71.6736585365854,70.2197073170732,70.24487804878049,74.8175609756098,54.755,42.786,68.825,56.523999999999994,65.609
1976-01-01,64.631,51.63,72.85609756097558,55.92,55.42100000000001,61.243,43.647,49.402,67.4875609756098,64.467,75.45682926829271,44.11600000000001,63.206,55.465,63.01,45.41,71.6341463414634,62.495,73.10243902439029,72.7756097560976,49.269,55.99,72.9919512195122,55.802,51.312,64.5024390243902,64.994,73.6426829268293,49.826,68.283,73.85609756097558,70.6560975609756,54.976000000000006,59.178999999999995,63.729,43.053000000000004,58.114,73.01463414634149,61.298,74.6470731707317,44.641000000000005,55.577,72.543,69.271,71.81292682926829,70.5939756097561,70.3224634146341,75.039512195122,55.781000000000006,43.513999999999996,69.501,57.091,66.307
1977-01-01,65.278,52.222,73.25609756097559,56.448,55.79600000000001,61.595,44.104,50.498000000000005,67.3763414634146,65.009,75.8982926829268,44.103,63.263000000000005,56.222,64.547,45.608999999999995,71.8836829268293,62.986000000000004,73.35121951219509,73.2243902439024,49.606,56.538000000000004,73.3646341463415,56.336999999999996,51.714,64.9,65.477,74.1319512195122,49.886,68.585,74.21560975609759,70.4024390243902,55.525,60.169,63.934,43.367,58.636,73.34439024390241,61.833999999999996,75.2214634146342,45.766999999999996,56.0,72.915,69.484,72.350243902439,70.96090243902441,70.3986097560976,75.3868292682927,56.813,44.226000000000006,70.182,57.648999999999994,67.005
1978-01-01,65.857,52.786,73.35609756097558,56.971000000000004,56.158,61.942,44.547,51.473,67.3909756097561,65.54,76.0382926829268,44.016000000000005,63.361999999999995,56.958,65.859,45.833,72.1432926829268,63.464,73.60243902439029,73.1756097560976,49.888999999999996,57.071000000000005,73.6931707317073,56.872,52.113,65.1975609756098,65.964,74.29560975609759,49.943000000000005,68.891,74.52975609756099,70.3512195121951,56.141999999999996,61.11600000000001,64.152,43.66,59.158,73.6741463414634,62.382,75.14512195121951,46.869,56.418,73.249,69.723,72.8970731707317,71.3233414634146,70.465243902439,75.4185365853659,57.82899999999999,44.902,70.85300000000001,58.18600000000001,67.69800000000001
1979-01-01,66.377,53.318999999999996,73.8048780487805,57.488,56.512,62.286,44.963,52.277,67.11439024390239,66.055,76.3375609756098,43.881,63.503,57.659,66.865,46.086000000000006,72.40853658536591,63.935,73.85121951219509,73.2756097560976,50.115,57.59,74.0026829268293,57.393,52.511,65.5463414634146,66.45100000000001,74.81878048780491,49.988,69.197,74.8663414634146,70.75121951219509,56.823,62.016000000000005,64.385,43.931000000000004,59.691,74.00390243902442,62.942,75.60609756097558,47.927,56.84,73.543,69.983,73.1553658536586,71.68273170731709,70.5199024390244,75.41390243902441,58.813,45.52,71.501,58.692,68.378
1980-01-01,66.844,53.81399999999999,73.609756097561,57.995,56.86,62.63,45.333,52.9,67.0339024390244,66.553,76.0917073170732,43.747,63.677,58.332,67.542,46.363,72.67790243902441,64.432,74.05121951219509,73.6756097560976,50.288000000000004,58.107,73.9431707317073,57.881,52.91,66.0463414634146,66.926,75.34926829268291,50.0,69.49600000000001,75.07804878048779,70.0975609756098,57.56,62.863,64.637,44.178000000000004,60.24,74.3336585365854,63.512,75.7431707317073,48.943999999999996,57.272,73.794,70.256,73.44,72.19024390243901,70.40853658536591,75.6717073170732,59.758,46.053000000000004,72.113,59.174,69.033
1981-01-01,67.26,54.268,74.009756097561,58.489,57.206,62.976000000000006,45.637,53.376000000000005,67.2639024390244,67.031,76.4143902439025,43.675,63.87,58.995,67.942,46.651,72.9503902439024,64.993,74.3,74.0268292682927,50.42100000000001,58.637,74.35390243902441,58.316,53.315,66.5463414634146,67.38,75.5285365853659,49.955,69.777,75.4634146341463,71.05121951219509,58.339,63.66,64.914,44.403999999999996,60.803999999999995,74.66341463414629,64.089,75.9343902439025,49.94,57.718999999999994,74.00399999999999,70.536,73.7465853658537,72.5878048780488,70.62926829268291,75.86902439024391,60.659,46.474,72.678,59.647,69.655
1982-01-01,67.627,54.68600000000001,74.3609756097561,58.966,57.54600000000001,63.326,45.867,53.794,67.8060975609756,67.493,76.92292682926829,43.711999999999996,64.067,59.67100000000001,68.203,46.937,73.227,65.635,74.5,74.1780487804878,50.526,59.191,74.81463414634149,58.676,53.726000000000006,67.0951219512195,67.80199999999999,76.1341463414634,49.831,70.033,75.7634146341463,71.10243902439029,59.138999999999996,64.411,65.206,44.611000000000004,61.378,74.9048780487805,64.669,75.9885365853659,50.938,58.183,74.175,70.814,74.29804878048779,72.6878048780488,70.6890243902439,76.0109756097561,61.523,46.776,73.193,60.108999999999995,70.23899999999999
1983-01-01,67.949,55.074,74.4634146341463,59.423,57.882,63.68,46.023,54.225,67.6526829268293,67.942,76.9614634146342,43.885,64.26,60.372,68.439,47.208,73.5051951219512,66.35300000000001,74.8,74.37804878048779,50.613,59.766000000000005,74.640243902439,58.94,54.14,67.5463414634146,68.187,75.9090243902439,49.615,70.262,76.0658536585366,71.0,59.93600000000001,65.122,65.50399999999999,44.799,61.958,75.14634146341459,65.24600000000001,76.16414634146341,51.945,58.661,74.315,71.085,74.2009756097561,73.0365853658537,70.47902439024391,76.06682926829271,62.356,46.961999999999996,73.657,60.543,70.782
1984-01-01,68.23100000000001,55.441,74.5634146341464,59.863,58.213,64.039,46.106,54.693000000000005,67.2026829268293,68.38,77.3653658536585,44.199,64.45100000000001,61.091,68.688,47.461000000000006,73.78292682926829,67.128,75.0,74.7780487804878,50.683,60.353,75.38951219512201,59.093,54.556000000000004,68.1951219512195,68.529,76.2953658536586,49.303999999999995,70.46600000000001,76.21707317073171,70.8,60.717,65.795,65.796,44.966,62.542,75.3878048780488,65.814,76.23317073170729,52.946000000000005,59.153999999999996,74.42699999999999,71.343,74.5190243902439,73.290243902439,70.7509756097561,76.2243902439024,63.153,47.038000000000004,74.07,60.916000000000004,71.282
1985-01-01,68.473,55.801,74.5634146341464,60.287,58.54,64.406,46.126999999999995,55.21,67.8568292682927,68.809,77.650487804878,44.633,64.655,61.806000000000004,68.972,47.705,74.0546341463415,67.911,75.3,74.62926829268291,50.726000000000006,60.946000000000005,75.4707317073171,59.12,54.97,68.7951219512195,68.82300000000001,76.259512195122,48.891999999999996,70.65,76.36829268292679,70.5487804878049,61.468999999999994,66.43,66.059,45.107,63.132,75.62926829268291,66.37100000000001,76.28463414634149,53.913999999999994,59.661,74.51100000000001,71.583,74.22292682926829,73.890243902439,70.73463414634149,75.9168292682927,63.915,47.004,74.429,61.167,71.737
1986-01-01,68.673,56.169,74.6146341463415,60.7,58.863,64.782,46.101000000000006,55.772,69.38975609756099,69.232,78.06463414634149,45.147,64.895,62.486999999999995,69.293,47.955,74.31373170731709,68.641,75.6,74.9292682926829,50.725,61.54,75.7707317073171,59.01,55.375,69.4463414634146,69.065,76.5104878048781,48.378,70.825,76.519512195122,70.8487804878049,62.188,67.028,66.27,45.213,63.731,75.87073170731709,66.911,76.27048780487809,54.813,60.176,74.566,71.804,74.56,74.2463414634146,71.02121951219509,76.24121951219509,64.638,46.861999999999995,74.738,61.227,72.148
1987-01-01,68.831,56.553000000000004,74.7658536585366,61.107,59.18,65.165,46.048,56.358999999999995,69.44,69.649,78.48365853658541,45.681999999999995,65.186,63.11,69.624,48.221000000000004,74.5596829268293,69.265,75.8,75.28048780487799,50.67100000000001,62.108999999999995,76.21951219512201,58.773,55.768,69.9975609756098,69.266,76.7280487804878,47.784,71.001,76.71951219512201,70.89756097560979,62.876999999999995,67.589,66.416,45.283,64.33800000000001,76.1517073170732,67.436,76.7051219512195,55.61,60.693999999999996,74.595,72.008,74.59195121951221,74.5487804878049,71.08878048780491,76.0817073170732,65.324,46.645,75.006,61.059,72.524
1988-01-01,68.954,56.963,74.7658536585366,61.512,59.493,65.553,45.99,56.958,69.4643902439024,70.062,78.3992682926829,46.193999999999996,65.53399999999999,63.662,69.943,48.501999999999995,74.79248780487809,69.745,76.1,75.38048780487809,50.56100000000001,62.619,76.37073170731709,58.422,56.144,70.5487804878049,69.436,76.74707317073171,47.145,71.186,76.91951219512201,71.3317073170732,63.535,68.116,66.495,45.317,64.949,76.4326829268293,67.943,76.890243902439,56.283,61.214,74.607,72.20100000000001,74.57707317073171,74.6975609756098,71.2078048780488,76.22048780487809,65.975,46.398999999999994,75.243,60.651,72.872
1989-01-01,69.054,57.4,75.0170731707317,61.915,59.799,65.947,45.93899999999999,57.571000000000005,69.1717073170732,70.469,78.8180487804878,46.667,65.933,64.143,70.252,48.787,75.0131463414634,70.071,76.3487804878049,75.58292682926829,50.403,63.035,76.819512195122,57.967,56.505,71.0487804878049,69.59100000000001,76.81365853658541,46.492,71.384,77.119512195122,71.04390243902441,64.157,68.611,66.512,45.324,65.56,76.71365853658541,68.431,76.7341463414634,56.818000000000005,61.735,74.615,72.38600000000001,74.7921951219512,74.9463414634146,71.0263414634146,76.50048780487799,66.593,46.174,75.456,60.016000000000005,73.19800000000001
1990-01-01,69.145,57.865,75.2146341463415,62.32,60.1,66.343,45.9,58.21,68.8860975609756,70.866,78.8368292682927,47.099,66.366,64.572,70.551,49.043,75.227756097561,70.248,76.6,75.88048780487809,50.206,63.306999999999995,76.9707317073171,57.406000000000006,56.849,71.5975609756098,69.75,76.8375609756098,45.853,71.594,77.42195121951221,70.890243902439,64.732,69.078,66.48100000000001,45.306000000000004,66.165,76.9946341463415,68.899,76.87804878048779,57.202,62.261,74.638,72.569,74.8131707317073,75.2951219512195,70.9326829268293,76.5373170731707,67.18,46.04600000000001,75.654,59.191,73.509
1991-01-01,69.242,58.353,75.3658536585366,62.727,60.393,66.742,45.875,58.891000000000005,68.47439024390239,71.248,79.1007317073171,47.504,66.811,64.97800000000001,70.842,49.225,75.319512195122,70.3,76.8487804878049,76.08292682926829,49.978,63.38399999999999,77.0195121951219,56.736000000000004,57.18,72.04634146341459,69.936,76.97121951219509,45.251999999999995,71.813,77.62195121951221,70.5878048780488,65.251,69.52199999999999,66.42399999999999,45.271,66.757,77.2756097560976,69.347,77.0,57.43,62.799,74.696,72.757,75.2275609756098,75.64634146341459,70.8829268292683,76.98073170731709,67.73899999999999,46.097,75.844,58.232,73.808
1992-01-01,69.355,58.851000000000006,75.6170731707317,63.131,60.68,67.141,45.857,59.618,66.87317073170729,71.61,79.1539024390244,47.911,67.23899999999999,65.392,71.124,49.31100000000001,75.819512195122,70.281,77.1,76.4341463414634,49.743,63.247,77.41951219512201,55.973,57.504,72.4975609756098,70.161,77.41,44.715,72.032,77.7243902439024,71.090243902439,65.715,69.945,66.368,45.23,67.33,77.37804878048779,69.777,77.21707317073171,57.528999999999996,63.352,74.801,72.955,75.4553658536585,75.9463414634146,71.7951219512195,77.1843902439025,68.273,46.357,76.028,57.218999999999994,74.1
1993-01-01,69.49600000000001,59.349,75.41951219512201,63.528999999999996,60.96,67.539,45.845,60.388000000000005,64.9358536585366,71.953,79.29365853658541,48.343999999999994,67.628,65.831,71.399,49.302,75.87073170731709,70.23899999999999,77.3,76.3853658536585,49.528999999999996,62.894,77.7219512195122,55.151,57.823,72.9975609756098,70.433,77.5465853658537,44.272,72.24600000000001,77.8243902439025,71.5951219512195,66.128,70.34899999999999,66.336,45.201,67.88,77.87804878048779,70.189,76.9165853658537,57.535,63.92100000000001,74.957,73.166,75.7051219512195,76.04634146341459,72.44878048780491,77.1517073170732,68.786,46.832,76.211,56.222,74.38600000000001
1994-01-01,69.67,59.84,75.619512195122,63.919,61.235,67.932,45.843,61.19,64.46707317073171,72.279,79.68707317073171,48.81,67.962,66.298,71.666,49.22,76.2707317073171,70.202,77.64878048780491,76.8853658536585,49.365,62.331,77.92195121951221,54.31,58.141000000000005,73.39756097560979,70.752,77.9014634146342,43.961000000000006,72.453,77.8268292682927,71.6951219512195,66.501,70.733,66.343,45.201,68.405,77.87804878048779,70.587,77.3751219512195,57.48,64.502,75.164,73.388,76.3956097560976,76.1975609756098,72.3,77.689756097561,69.283,47.506,76.39399999999999,55.284,74.671
1995-01-01,69.885,60.32,75.62195121951221,64.291,61.505,68.318,45.854,62.001999999999995,64.6907317073171,72.598,79.5363414634147,49.303000000000004,68.23100000000001,66.779,71.923,49.111000000000004,76.42195121951221,70.191,77.75121951219509,76.83658536585371,49.287,61.56100000000001,78.17073170731709,53.486000000000004,58.46,73.7,71.112,77.98073170731709,43.824,72.65100000000001,78.0292682926829,71.8926829268293,66.846,71.09899999999999,66.396,45.246,68.903,77.82926829268291,70.972,77.4046341463415,57.403999999999996,65.09,75.41199999999999,73.62,76.409512195122,76.2951219512195,72.2536585365854,77.7365853658537,69.77,48.31399999999999,76.579,54.41,74.957
1996-01-01,70.14,60.783,76.0268292682927,64.637,61.773,68.695,45.88,62.798,65.85414634146339,72.925,80.200243902439,49.81,68.431,67.249,72.168,49.04,76.6731707317073,70.215,77.95365853658541,77.0878048780488,49.32899999999999,60.595,78.5219512195122,52.708999999999996,58.78,74.1512195121951,71.497,78.1204878048781,43.898999999999994,72.843,78.1804878048781,72.2463414634146,67.175,71.445,66.494,45.35,69.378,78.07804878048779,71.348,77.43560975609759,57.342,65.678,75.686,73.854,76.69341463414641,76.5951219512195,72.65365853658541,78.1504878048781,70.25,49.163000000000004,76.765,53.571999999999996,75.244
1997-01-01,70.428,61.233000000000004,76.4292682926829,64.954,62.038999999999994,69.061,45.923,63.553000000000004,66.6987804878049,73.268,80.4241463414634,50.32,68.574,67.68,72.399,49.066,77.0731707317073,70.267,78.3048780487805,77.2109756097561,49.503,59.489,78.8243902439024,52.013999999999996,59.101000000000006,74.60243902439029,71.887,78.6041463414634,44.19,73.029,78.4317073170732,72.64634146341459,67.508,71.766,66.626,45.519,69.834,78.4804878048781,71.71600000000001,77.79439024390241,57.323,66.257,75.964,74.086,76.87853658536591,76.89756097560971,72.7048780487805,78.1426829268293,70.726,49.963,76.94800000000001,52.748999999999995,75.53
1998-01-01,70.737,61.669,76.58048780487809,65.244,62.303000000000004,69.419,45.994,64.25,67.02975609756099,73.625,80.5014634146342,50.835,68.675,68.051,72.617,49.233000000000004,77.4756097560976,70.348,78.60487804878049,77.19024390243901,49.809,58.315,78.9756097560976,51.448,59.422,75.0048780487805,72.264,78.66585365853659,44.685,73.21300000000001,78.6341463414634,72.9975609756098,67.86,72.06,66.782,45.763000000000005,70.274,78.63170731707321,72.075,77.8829268292683,57.376000000000005,66.817,76.23,74.309,77.09073170731709,77.3,72.55121951219509,78.32926829268291,71.197,50.657,77.124,51.946999999999996,75.813
1999-01-01,71.063,62.093,76.58292682926829,65.513,62.56399999999999,69.76899999999999,46.103,64.881,65.9821951219512,73.988,80.5707317073171,51.36600000000001,68.744,68.357,72.824,49.556999999999995,77.7268292682927,70.46300000000001,78.75609756097559,77.390243902439,50.248000000000005,57.144,79.42439024390241,51.059,59.744,75.409756097561,72.619,78.71707317073171,45.373000000000005,73.396,78.8853658536585,73.04390243902441,68.245,72.327,66.959,46.093,70.7,78.9317073170732,72.425,77.83658536585371,57.523,67.351,76.475,74.523,77.29121951219508,77.55121951219509,72.9024390243902,78.28292682926829,71.664,51.233999999999995,77.293,51.214,76.092
2000-01-01,71.39699999999999,62.505,76.6365853658537,65.77199999999999,62.82,70.116,46.266999999999996,65.447,65.4836585365854,74.34,81.07609756097558,51.941,68.793,68.602,73.025,50.041000000000004,77.9268292682927,70.623,79.05609756097559,77.7414634146342,50.801,56.048,79.7780487804878,50.92100000000001,60.063,75.909756097561,72.945,78.9658536585366,46.229,73.57600000000001,79.1365853658537,73.74878048780491,68.684,72.561,67.156,46.522,71.111,79.2341463414634,72.76100000000001,77.9878048780488,57.787,67.84899999999999,76.699,74.73100000000001,77.4658536585366,77.9512195121951,73.05121951219509,78.6341463414634,72.126,51.733999999999995,77.452,50.629,76.366
2001-01-01,71.732,62.907,76.83658536585371,66.03699999999999,63.066,70.462,46.51,65.956,65.3834146341463,74.658,81.41707317073171,52.595,68.835,68.796,73.22800000000001,50.667,78.32926829268291,70.832,79.15853658536591,77.9926829268293,51.443999999999996,55.089,80.12682926829271,51.101000000000006,60.376999999999995,76.4121951219512,73.241,79.36829268292679,47.22,73.755,79.3390243902439,74.2,69.193,72.759,67.374,47.059,71.505,79.6341463414634,73.078,78.19024390243901,58.177,68.304,76.905,74.939,77.9658536585366,78.25121951219509,73.40243902439029,78.7853658536585,72.58,52.236000000000004,77.601,50.281000000000006,76.634
2002-01-01,72.061,63.303999999999995,76.9365853658537,66.321,63.3,70.813,46.835,66.43,65.1287804878049,74.922,81.5634146341463,53.349,68.88,68.961,73.438,51.385,78.2292682926829,71.089,79.2609756097561,78.14390243902442,52.141999999999996,54.31,80.2292682926829,51.606,60.685,76.7658536585366,73.517,79.5682926829268,48.299,73.932,79.490243902439,74.4975609756098,69.76899999999999,72.92,67.613,47.702,71.882,79.9365853658537,73.37100000000001,78.2926829268293,58.675,68.717,77.105,75.152,78.119512195122,78.55121951219509,73.60487804878049,78.9878048780488,73.02199999999999,52.826,77.74,50.232,76.89399999999999
2003-01-01,72.381,63.699,77.0365853658537,66.631,63.522,71.17,47.242,66.88600000000001,65.0275609756098,75.118,81.76,54.211000000000006,68.937,69.116,73.654,52.144,78.38048780487809,71.389,79.1146341463415,78.4463414634146,52.86600000000001,53.748999999999995,79.9829268292683,52.41,60.989,77.2146341463415,73.777,79.619512195122,49.42100000000001,74.107,79.7414634146342,74.5975609756098,70.399,73.051,67.868,48.44,72.24,80.2390243902439,73.641,78.4926829268293,59.25899999999999,69.092,77.303,75.373,78.36829268292679,79.0390243902439,73.60487804878049,79.390243902439,73.447,53.553999999999995,77.87100000000001,50.518,77.146
2004-01-01,72.689,64.095,77.4878048780488,66.969,63.736000000000004,71.531,47.72,67.331,65.4709756097561,75.243,82.030243902439,55.174,69.013,69.271,73.875,52.917,78.6804878048781,71.72800000000001,80.16341463414629,78.7463414634146,53.602,53.443999999999996,80.78048780487809,53.475,61.294,77.66585365853659,74.02600000000001,79.87073170731709,50.553999999999995,74.28,79.8926829268293,74.84634146341459,71.067,73.15899999999999,68.135,49.263000000000005,72.581,80.490243902439,73.887,79.0951219512195,59.912,69.437,77.499,75.59899999999999,78.7146341463415,79.490243902439,73.9585365853659,79.8414634146342,73.851,54.422,77.99600000000001,51.15,77.391
2005-01-01,72.985,64.5,77.4878048780488,67.334,63.951,71.896,48.251999999999995,67.773,65.52975609756099,75.3,81.9251219512195,56.223,69.112,69.434,74.092,53.675,78.9317073170732,72.09899999999999,80.16341463414629,79.0487804878049,54.349,53.446999999999996,80.78292682926829,54.732,61.607,78.1682926829268,74.265,80.17073170731709,51.676,74.45100000000001,80.1926829268293,74.9951219512195,71.74600000000001,73.256,68.407,50.165,72.908,80.84146341463409,74.112,79.34634146341459,60.62,69.762,77.688,75.82600000000001,78.8170731707317,79.990243902439,73.9048780487805,80.0414634146342,74.23,55.393,78.117,52.13,77.63
2006-01-01,73.271,64.918,77.6878048780488,67.717,64.176,72.26,48.812,68.21300000000001,66.7275609756098,75.296,82.3219512195122,57.333999999999996,69.233,69.608,74.295,54.401,79.13170731707321,72.499,80.8121951219512,79.24878048780491,55.119,53.795,81.28292682926829,56.093,61.938,78.6682926829268,74.5,80.8219512195122,52.784,74.62,80.3439024390244,75.14390243902442,72.403,73.355,68.676,51.143,73.222,81.0414634146342,74.319,79.6975609756098,61.365,70.082,77.86399999999999,76.046,79.2146341463415,80.14146341463409,74.2048780487805,80.3439024390244,74.577,56.4,78.23899999999999,53.435,77.865
2007-01-01,73.553,65.35,77.9878048780488,68.105,64.42,72.618,49.373000000000005,68.648,67.5868292682927,75.255,82.5070731707317,58.467,69.37,69.788,74.47399999999999,55.091,79.5341463414634,72.916,81.1121951219512,79.44878048780491,55.926,54.452,81.4341463414634,57.463,62.294,79.119512195122,74.732,80.87317073170729,53.887,74.78699999999999,80.54390243902441,75.24390243902441,73.009,73.467,68.939,52.177,73.528,81.2926829268293,74.514,80.0975609756098,62.126000000000005,70.40899999999999,78.01899999999999,76.251,79.2634146341464,80.4414634146342,74.2073170731707,80.39512195121951,74.893,57.365,78.362,54.983000000000004,78.09899999999999
2008-01-01,73.835,65.794,78.0390243902439,68.485,64.685,72.96600000000001,49.913000000000004,69.072,67.9492682926829,75.194,82.5875609756098,59.581,69.515,69.971,74.625,55.743,79.7365853658537,73.34100000000001,81.2146341463415,79.6,56.777,55.36,81.48536585365851,58.76,62.678000000000004,79.5170731707317,74.962,81.1756097560976,54.983999999999995,74.952,80.6951219512195,75.54390243902441,73.546,73.598,69.193,53.243,73.82600000000001,81.39512195121951,74.705,80.25121951219509,62.88,70.75,78.15,76.437,79.5682926829268,80.790243902439,74.7048780487805,80.5926829268293,75.179,58.229,78.491,56.678999999999995,78.33
2009-01-01,74.119,66.244,78.390243902439,68.85300000000001,64.969,73.3,50.422,69.485,68.6846341463415,75.128,82.9314634146342,60.645,69.667,70.15899999999999,74.745,56.35,79.83658536585371,73.766,81.4146341463415,80.05121951219509,57.666000000000004,56.46,81.6365853658537,59.931999999999995,63.089,79.9682926829268,75.193,81.4756097560976,56.06,75.116,80.9951219512195,75.6951219512195,74.003,73.75,69.435,54.31100000000001,74.12,81.54390243902441,74.895,80.5487804878049,63.607,71.108,78.256,76.60300000000001,79.71951219512201,81.2414634146342,74.909756097561,80.7951219512195,75.44,58.971000000000004,78.626,58.446999999999996,78.558
2010-01-01,74.40899999999999,66.693,78.5414634146342,69.205,65.264,73.619,50.896,69.881,68.8412195121951,75.065,82.8426829268293,61.626999999999995,69.82300000000001,70.34899999999999,74.837,56.909,79.9878048780488,74.184,81.66341463414629,80.4024390243902,58.583999999999996,57.669,82.0365853658537,60.958999999999996,63.525,80.1170731707317,75.42399999999999,81.62682926829271,57.099,75.278,81.2463414634146,76.2463414634146,74.382,73.917,69.672,55.35,74.41,81.6951219512195,75.089,80.7024390243902,64.28399999999999,71.48100000000001,78.33800000000001,76.75,79.87073170731709,81.5414634146342,75.1121951219512,80.9975609756098,75.682,59.6,78.76899999999999,60.211000000000006,78.779
2011-01-01,74.708,67.13,78.64146341463409,69.542,65.562,73.921,51.346000000000004,70.256,69.68390243902441,75.01100000000001,82.5912195121951,62.505,69.984,70.543,74.904,57.427,80.4365853658537,74.593,82.1146341463415,80.9512195121951,59.525,58.895,82.1878048780488,61.851000000000006,63.983000000000004,80.56829268292691,75.655,82.4756097560976,58.086999999999996,75.439,81.44878048780491,76.6951219512195,74.696,74.089,69.91,56.33,74.697,81.89512195121951,75.289,81.2048780487805,64.898,71.861,78.4,76.882,80.4707317073171,81.74390243902441,75.9585365853659,81.2951219512195,75.916,60.146,78.919,61.91,78.986
2012-01-01,75.013,67.545,78.7414634146342,69.866,65.84899999999999,74.209,51.786,70.60600000000001,70.0721951219512,74.96600000000001,83.0960975609756,63.281000000000006,70.149,70.736,74.958,57.913999999999994,80.5390243902439,74.992,81.9682926829268,80.9048780487805,60.47,60.06,82.2390243902439,62.659,64.453,80.819512195122,75.882,82.4268292682927,59.016999999999996,75.598,81.64878048780491,76.7463414634146,74.97,74.25399999999999,70.155,57.236000000000004,74.98100000000001,82.04634146341459,75.495,81.10487804878049,65.44800000000001,72.236,78.446,77.00399999999999,80.62682926829271,81.9951219512195,76.109756097561,81.4512195121951,76.149,60.663000000000004,79.074,63.511,79.176
2013-01-01,75.321,67.931,78.7414634146342,70.179,66.117,74.483,52.228,70.93,70.5787804878049,74.93,83.3319512195122,63.961000000000006,70.315,70.928,75.006,58.381,80.490243902439,75.378,82.21951219512201,81.0048780487805,61.398,61.099,82.69024390243901,63.419,64.921,81.2707317073171,76.105,83.07804878048779,59.881,75.756,81.74878048780491,77.0,75.227,74.402,70.41,58.053999999999995,75.258,82.14878048780491,75.707,81.3048780487805,65.939,72.596,78.485,77.124,80.9756097560976,82.24634146341471,76.4121951219512,81.75121951219509,76.388,61.18600000000001,79.234,64.976,79.34899999999999
2014-01-01,75.62899999999999,68.286,78.84146341463409,70.48100000000001,66.36,74.745,52.672,71.23100000000001,70.74365853658541,74.908,83.5878048780488,64.547,70.48100000000001,71.117,75.056,58.828,81.090243902439,75.747,82.71951219512201,81.3048780487805,62.288000000000004,61.968,83.090243902439,64.135,65.378,81.7219512195122,76.322,83.2292682926829,60.669,75.913,81.8,77.60243902439029,75.477,74.533,70.671,58.776,75.529,82.3,75.923,81.7073170731707,66.37,72.935,78.521,77.244,81.1804878048781,82.4951219512195,76.8121951219512,82.1,76.634,61.723,79.398,66.265,79.50399999999999
2015-01-01,75.928,68.607,78.69024390243901,70.768,66.577,74.994,53.111999999999995,71.514,71.1834146341463,74.904,83.79390243902441,65.048,70.64399999999999,71.30199999999999,75.11,59.254,80.64146341463409,76.09100000000001,82.3219512195122,80.95609756097559,63.111000000000004,62.648999999999994,82.54390243902441,64.798,65.81,82.0243902439024,76.531,82.8317073170732,61.373000000000005,76.068,81.9,77.4512195121951,75.726,74.65100000000001,70.928,59.398,75.792,82.4,76.143,81.509756097561,66.747,73.25,78.561,77.369,81.4804878048781,82.74390243902441,76.5634146341463,82.3048780487805,76.887,62.269,79.565,67.33800000000001,79.646
2016-01-01,76.21,68.89699999999999,78.5390243902439,71.035,66.77,75.23,53.541000000000004,71.785,71.6512195121951,74.917,83.9848780487805,65.482,70.80199999999999,71.482,75.172,59.655,80.990243902439,76.403,82.5731707317073,81.1560975609756,63.843999999999994,63.153,83.24390243902441,65.393,66.205,82.2756097560976,76.732,83.32926829268291,61.986000000000004,76.221,81.9,77.85121951219509,75.97399999999999,74.76100000000001,71.171,59.925,76.044,82.44878048780491,76.365,81.5609756097561,67.078,73.541,78.607,77.498,81.4292682926829,82.84634146341459,77.16585365853659,82.4073170731707,77.142,62.802,79.738,68.178,79.779
2017-01-01,76.47,69.165,78.5390243902439,71.282,66.947,75.456,53.95,72.05199999999999,72.4514634146342,74.947,84.099756097561,65.872,70.952,71.656,75.241,60.026,80.9926829268293,76.683,82.57560975609759,81.25609756097559,64.479,63.538000000000004,82.94634146341471,65.90899999999999,66.558,82.62682926829271,76.925,83.28292682926829,62.516000000000005,76.372,81.9,77.7536585365854,76.218,74.874,71.388,60.379,76.286,82.5,76.584,81.7609756097561,67.38,73.81,78.66199999999999,77.632,81.63170731707321,83.0951219512195,77.16585365853659,82.609756097561,77.393,63.295,79.914,68.812,79.90899999999999
2018-01-01,76.704,69.416,78.6390243902439,71.509,67.11399999999999,75.672,54.332,72.32,72.6621951219512,74.992,84.2109756097561,66.24,71.095,71.825,75.317,60.368,80.8926829268293,76.931,82.6756097560976,81.25609756097559,65.015,63.857,83.34634146341459,66.342,66.867,82.62682926829271,77.109,83.4317073170732,62.973,76.52,82.0487804878049,77.60243902439029,76.453,74.998,71.57300000000001,60.782,76.516,82.74878048780491,76.8,81.8121951219512,67.665,74.063,78.726,77.77,81.7341463414634,83.2975609756098,77.2658536585366,82.7585365853659,77.633,63.73,80.095,69.275,80.042
2019-01-01,76.91199999999999,69.656,78.7878048780488,71.71600000000001,67.273,75.881,54.687,72.59100000000001,73.08390243902441,75.054,84.3563414634146,66.597,71.23100000000001,71.99,75.4,60.681000000000004,81.2926829268293,77.15,82.8268292682927,81.2048780487805,65.456,64.131,83.4975609756098,66.699,67.134,83.2268292682927,77.28699999999999,83.8317073170732,63.368,76.667,82.0487804878049,77.9048780487805,76.68,75.133,71.725,61.147,76.736,82.9,77.01,82.1121951219512,67.941,74.30199999999999,78.80199999999999,77.911,81.9829268292683,83.5951219512195,77.66585365853659,82.9585365853659,77.861,64.104,80.279,69.592,80.181
2020-01-01,77.097,69.887,77.28048780487809,71.908,67.428,76.084,55.018,72.868,71.33878048780491,75.131,84.6156097560976,66.953,71.36,72.15,75.493,60.971000000000004,80.9414634146342,77.344,82.1756097560976,80.90243902439029,65.815,64.37899999999999,82.3439024390244,66.991,67.363,83.4268292682927,77.46,82.33414634146341,63.713,76.813,81.74878048780491,76.6,76.90100000000001,75.28,71.848,61.486999999999995,76.947,83.2,77.21600000000001,81.409756097561,68.21300000000001,74.529,78.892,78.056,82.13170731707321,83.74390243902441,76.8658536585366,83.209756097561,78.078,64.423,80.465,69.793,80.329
2021-01-01,,,,,,,,,,,,,,,,,,,,,,,,,,,,,,,,,,,,,,,,,,,,,,,,,,,,,
